{
  "type": "FeatureCollection",
  "features": [
    {
      "type": "Feature",
      "geometry": {
        "type": "Point",
        "coordinates": [
          -289.69268338185435,
          -65.8685553208837,
          0.145299069021108
        ]
      },
      "properties": {
        "junction_id": 51
      }
    },
    {
      "type": "Feature",
      "geometry": {
        "type": "Point",
        "coordinates": [
          -184.36903715970223,
          -65.00474488107781,
          0.2065669249808579
        ]
      },
      "properties": {
        "junction_id": 71
      }
    },
    {
      "type": "Feature",
      "geometry": {
        "type": "Point",
        "coordinates": [
          -50.6954729180587,
          94.32321401227985,
          0.10074462517309656
        ]
      },
      "properties": {
        "junction_id": 122
      }
    },
    {
      "type": "Feature",
      "geometry": {
        "type": "Point",
        "coordinates": [
          359.89447593688965,
          -116.67077684402466,
          0.09138192748650908
        ]
      },
      "properties": {
        "junction_id": 173
      }
    },
    {
      "type": "Feature",
      "geometry": {
        "type": "Point",
        "coordinates": [
          -272.19064565805286,
          172.43318606645633,
          0.19318868582829452
        ]
      },
      "properties": {
        "junction_id": 184
      }
    },
    {
      "type": "Feature",
      "geometry": {
        "type": "Point",
        "coordinates": [
          -292.58800551470586,
          -116.59665769689224,
          0.09410588750067879
        ]
      },
      "properties": {
        "junction_id": 203
      }
    },
    {
      "type": "Feature",
      "geometry": {
        "type": "Point",
        "coordinates": [
          -56.618625987659804,
          24.527141987193716,
          0.2145438027652827
        ]
      },
      "properties": {
        "junction_id": 214
      }
    },
    {
      "type": "Feature",
      "geometry": {
        "type": "Point",
        "coordinates": [
          -44.82919469869362,
          180.40997775095815,
          0.22305801342118461
        ]
      },
      "properties": {
        "junction_id": 265
      }
    },
    {
      "type": "Feature",
      "geometry": {
        "type": "Point",
        "coordinates": [
          119.63222987835223,
          186.91745112492487,
          0.22663304324333483
        ]
      },
      "properties": {
        "junction_id": 285
      }
    },
    {
      "type": "Feature",
      "geometry": {
        "type": "Point",
        "coordinates": [
          -175.83739056503563,
          22.49842975850691,
          0.2069419124408772
        ]
      },
      "properties": {
        "junction_id": 305
      }
    },
    {
      "type": "Feature",
      "geometry": {
        "type": "Point",
        "coordinates": [
          120.32383463932918,
          -59.73816772607657,
          0.21832099843483704
        ]
      },
      "properties": {
        "junction_id": 356
      }
    },
    {
      "type": "Feature",
      "geometry": {
        "type": "Point",
        "coordinates": [
          364.79039091222427,
          194.96516597972197,
          0.16776523519964778
        ]
      },
      "properties": {
        "junction_id": 407
      }
    },
    {
      "type": "Feature",
      "geometry": {
        "type": "Point",
        "coordinates": [
          260.1549535898062,
          192.4271756685697,
          0.19365920298374617
        ]
      },
      "properties": {
        "junction_id": 418
      }
    },
    {
      "type": "Feature",
      "geometry": {
        "type": "Point",
        "coordinates": [
          281.78728787404185,
          -117.92148791619067,
          0.08826827342217823
        ]
      },
      "properties": {
        "junction_id": 438
      }
    },
    {
      "type": "Feature",
      "geometry": {
        "type": "Point",
        "coordinates": [
          -63.13028134432706,
          -63.01999407681552,
          0.21416838060725818
        ]
      },
      "properties": {
        "junction_id": 458
      }
    },
    {
      "type": "Feature",
      "geometry": {
        "type": "Point",
        "coordinates": [
          -67.13292075103183,
          -117.99877699366155,
          0.12094494644201027
        ]
      },
      "properties": {
        "junction_id": 509
      }
    },
    {
      "type": "Feature",
      "geometry": {
        "type": "Point",
        "coordinates": [
          266.303850569815,
          104.08730647249043,
          0.04882840990673153
        ]
      },
      "properties": {
        "junction_id": 529
      }
    },
    {
      "type": "Feature",
      "geometry": {
        "type": "Point",
        "coordinates": [
          364.7081768329327,
          109.11567864051231,
          0.06694137241888362
        ]
      },
      "properties": {
        "junction_id": 581
      }
    },
    {
      "type": "Feature",
      "geometry": {
        "type": "Point",
        "coordinates": [
          119.9599907214825,
          27.900748032789963,
          0.21869143614402184
        ]
      },
      "properties": {
        "junction_id": 601
      }
    },
    {
      "type": "Feature",
      "geometry": {
        "type": "Point",
        "coordinates": [
          -168.5486543589625,
          90.87267178502576,
          0.09314316830167282
        ]
      },
      "properties": {
        "junction_id": 652
      }
    },
    {
      "type": "Feature",
      "geometry": {
        "type": "Point",
        "coordinates": [
          -283.0370880702757,
          21.558872456820506,
          0.14341551009214148
        ]
      },
      "properties": {
        "junction_id": 703
      }
    },
    {
      "type": "Feature",
      "geometry": {
        "type": "Point",
        "coordinates": [
          363.3266501793495,
          32.30176368126502,
          0.1394029249652074
        ]
      },
      "properties": {
        "junction_id": 723
      }
    },
    {
      "type": "Feature",
      "geometry": {
        "type": "Point",
        "coordinates": [
          277.8974250510887,
          -56.639783753289116,
          0.16175306905750875
        ]
      },
      "properties": {
        "junction_id": 743
      }
    },
    {
      "type": "Feature",
      "geometry": {
        "type": "Point",
        "coordinates": [
          -277.5864085071492,
          88.61957492468493,
          0.06804842740200671
        ]
      },
      "properties": {
        "junction_id": 794
      }
    },
    {
      "type": "Feature",
      "geometry": {
        "type": "Point",
        "coordinates": [
          120.32524497553987,
          99.4004582818949,
          0.1048696948991559
        ]
      },
      "properties": {
        "junction_id": 814
      }
    },
    {
      "type": "Feature",
      "geometry": {
        "type": "Point",
        "coordinates": [
          271.3296415540907,
          30.861530904416686,
          0.16211189267536005
        ]
      },
      "properties": {
        "junction_id": 865
      }
    },
    {
      "type": "Feature",
      "geometry": {
        "type": "Point",
        "coordinates": [
          362.04527576153095,
          -55.537889627309944,
          0.13607510050328878
        ]
      },
      "properties": {
        "junction_id": 916
      }
    },
    {
      "type": "Feature",
      "geometry": {
        "type": "Point",
        "coordinates": [
          120.32145940340482,
          -118.21405542813815,
          0.12126763064700824
        ]
      },
      "properties": {
        "junction_id": 936
      }
    },
    {
      "type": "Feature",
      "geometry": {
        "type": "Point",
        "coordinates": [
          -161.309012646945,
          175.97659762400502,
          0.2175658997499718
        ]
      },
      "properties": {
        "junction_id": 956
      }
    },
    {
      "type": "Feature",
      "geometry": {
        "type": "Point",
        "coordinates": [
          -189.02421512243882,
          -117.98140183934626,
          0.11630455207712245
        ]
      },
      "properties": {
        "junction_id": 976
      }
    },
    {
      "type": "Feature",
      "geometry": {
        "type": "LineString",
        "coordinates": [
          [
            -63.13028134432706,
            -63.01999407681552,
            0.21416838060725818
          ],
          [
            -53.42058181762695,
            -60.80854415893555,
            0.2269287109375
          ],
          [
            -51.42087173461914,
            -60.77376937866211,
            0.2269287109375
          ],
          [
            -49.42117691040039,
            -60.73899459838867,
            0.2269287109375
          ],
          [
            -47.42148208618164,
            -60.70421600341797,
            0.2269287109375
          ],
          [
            -45.42178726196289,
            -60.66944122314453,
            0.2269287109375
          ],
          [
            -43.42209243774414,
            -60.634666442871094,
            0.2269287109375
          ],
          [
            -41.42238235473633,
            -60.599891662597656,
            0.2269287109375
          ],
          [
            -39.42268753051758,
            -60.56511306762695,
            0.2269287109375
          ],
          [
            -37.42299270629883,
            -60.530338287353516,
            0.2269287109375
          ],
          [
            -35.42329788208008,
            -60.49556350708008,
            0.2269287109375
          ],
          [
            -33.42360305786133,
            -60.46078872680664,
            0.2269287109375
          ],
          [
            -31.423906326293945,
            -60.42601013183594,
            0.2269287109375
          ],
          [
            -29.424196243286133,
            -60.3912353515625,
            0.2269287109375
          ],
          [
            -27.424501419067383,
            -60.35646057128906,
            0.2269287109375
          ],
          [
            -25.424806594848633,
            -60.321685791015625,
            0.2269287109375
          ],
          [
            -23.425111770629883,
            -60.28690719604492,
            0.2269287109375
          ],
          [
            -21.425416946411133,
            -60.252132415771484,
            0.2269287109375
          ],
          [
            -19.42570686340332,
            -60.21735763549805,
            0.2269287109375
          ],
          [
            -17.42601203918457,
            -60.18258285522461,
            0.2269287109375
          ],
          [
            -15.426318168640137,
            -60.147804260253906,
            0.2269287109375
          ],
          [
            -13.426623344421387,
            -60.11302947998047,
            0.2269287109375
          ],
          [
            -11.426920890808105,
            -60.07825469970703,
            0.2269287109375
          ],
          [
            -9.427226066589355,
            -60.04347610473633,
            0.2269287109375
          ],
          [
            -7.4275312423706055,
            -60.00870132446289,
            0.2269287109375
          ],
          [
            -5.427828788757324,
            -59.97392654418945,
            0.2269287109375
          ],
          [
            -3.428133726119995,
            -59.939151763916016,
            0.2269287109375
          ],
          [
            -1.4284390211105347,
            -59.90437316894531,
            0.2269287109375
          ],
          [
            0.5712634325027466,
            -59.869598388671875,
            0.2269287109375
          ],
          [
            2.570958375930786,
            -59.83482360839844,
            0.2269287109375
          ],
          [
            4.570660591125488,
            -59.800048828125,
            0.2269287109375
          ],
          [
            6.570355415344238,
            -59.7652702331543,
            0.2269287109375
          ],
          [
            8.570050239562988,
            -59.73049545288086,
            0.2269287109375
          ],
          [
            10.56975269317627,
            -59.69572067260742,
            0.2269287109375
          ],
          [
            12.56944751739502,
            -59.660945892333984,
            0.2269287109375
          ],
          [
            14.56914234161377,
            -59.62616729736328,
            0.2269287109375
          ],
          [
            16.568845748901367,
            -59.591392517089844,
            0.2269287109375
          ],
          [
            18.568540573120117,
            -59.556617736816406,
            0.2269287109375
          ],
          [
            20.5682430267334,
            -59.52184295654297,
            0.2269287109375
          ],
          [
            22.56793785095215,
            -59.487064361572266,
            0.2269287109375
          ],
          [
            24.5676326751709,
            -59.45228958129883,
            0.2269287109375
          ],
          [
            26.56733512878418,
            -59.41751480102539,
            0.2269287109375
          ],
          [
            28.56702995300293,
            -59.38274002075195,
            0.2269287109375
          ],
          [
            30.56672477722168,
            -59.34796142578125,
            0.2269287109375
          ],
          [
            32.56642532348633,
            -59.31318664550781,
            0.2269287109375
          ],
          [
            34.56612014770508,
            -59.278411865234375,
            0.2269287109375
          ],
          [
            36.56581497192383,
            -59.24363708496094,
            0.2269287109375
          ],
          [
            38.56551742553711,
            -59.208858489990234,
            0.2269287109375
          ],
          [
            40.56521224975586,
            -59.1740837097168,
            0.2269287109375
          ],
          [
            42.56491470336914,
            -59.13930892944336,
            0.2269287109375
          ],
          [
            44.56460952758789,
            -59.10453414916992,
            0.2269287109375
          ],
          [
            46.56430435180664,
            -59.06975555419922,
            0.2269287109375
          ],
          [
            48.564002990722656,
            -59.03498077392578,
            0.2269287109375
          ],
          [
            50.56370162963867,
            -59.000205993652344,
            0.2269287109375
          ],
          [
            52.56340026855469,
            -58.96542739868164,
            0.2269287109375
          ],
          [
            54.5630989074707,
            -58.9306526184082,
            0.2269287109375
          ],
          [
            56.56279373168945,
            -58.895877838134766,
            0.2269287109375
          ],
          [
            58.56249237060547,
            -58.86110305786133,
            0.2269287109375
          ],
          [
            60.562191009521484,
            -58.826324462890625,
            0.2269287109375
          ],
          [
            62.5618896484375,
            -58.79154968261719,
            0.2269287109375
          ],
          [
            64.56158447265625,
            -58.75677490234375,
            0.2269287109375
          ],
          [
            66.56128692626953,
            -58.72200012207031,
            0.2269287109375
          ],
          [
            68.56098937988281,
            -58.68722152709961,
            0.2269287109375
          ],
          [
            70.56068420410156,
            -58.65244674682617,
            0.2269287109375
          ],
          [
            72.56037902832031,
            -58.617671966552734,
            0.2269287109375
          ],
          [
            74.56007385253906,
            -58.5828971862793,
            0.2269287109375
          ],
          [
            76.55977630615234,
            -58.548118591308594,
            0.2269287109375
          ],
          [
            78.5594711303711,
            -58.513343811035156,
            0.2269287109375
          ],
          [
            80.55917358398438,
            -58.47856903076172,
            0.2269287109375
          ],
          [
            82.55886840820312,
            -58.44379425048828,
            0.2269287109375
          ],
          [
            84.55856323242188,
            -58.40901565551758,
            0.2269287109375
          ],
          [
            86.55826568603516,
            -58.37424087524414,
            0.2269287109375
          ],
          [
            88.5579605102539,
            -58.3394660949707,
            0.2269287109375
          ],
          [
            90.55766296386719,
            -58.304691314697266,
            0.2269287109375
          ],
          [
            92.55735778808594,
            -58.26991271972656,
            0.2269287109375
          ],
          [
            94.55705261230469,
            -58.235137939453125,
            0.2269287109375
          ],
          [
            96.55674743652344,
            -58.20036315917969,
            0.2269287109375
          ],
          [
            98.55644989013672,
            -58.165584564208984,
            0.2269287109375
          ],
          [
            100.55614471435547,
            -58.13080978393555,
            0.2269287109375
          ],
          [
            102.55584716796875,
            -58.09603500366211,
            0.2269287109375
          ],
          [
            104.5555419921875,
            -58.06126022338867,
            0.2269287109375
          ],
          [
            106.55523681640625,
            -58.02648162841797,
            0.2269287109375
          ],
          [
            108.55493927001953,
            -57.99170684814453,
            0.2269287109375
          ],
          [
            110.55463409423828,
            -57.956932067871094,
            0.2269287109375
          ],
          [
            112.35362243652344,
            -57.880313873291016,
            0.2269287109375
          ],
          [
            120.32383463932918,
            -59.73816772607657,
            0.21832099843483704
          ]
        ]
      },
      "properties": {
        "from_junction": 458,
        "to_junction": 356,
        "length_m": 183.94
      }
    },
    {
      "type": "Feature",
      "geometry": {
        "type": "LineString",
        "coordinates": [
          [
            -184.36903715970223,
            -65.00474488107781,
            0.2065669249808579
          ],
          [
            -194.52633666992188,
            -66.76296997070312,
            0.2269287109375
          ],
          [
            -196.52603149414062,
            -66.79774475097656,
            0.2269287109375
          ],
          [
            -198.52572631835938,
            -66.83251953125,
            0.2269287109375
          ],
          [
            -200.5254364013672,
            -66.86729431152344,
            0.2269287109375
          ],
          [
            -202.52513122558594,
            -66.9020767211914,
            0.2269287109375
          ],
          [
            -204.5248260498047,
            -66.93685150146484,
            0.2269287109375
          ],
          [
            -206.52452087402344,
            -66.97162628173828,
            0.2269287109375
          ],
          [
            -208.5242156982422,
            -67.00640106201172,
            0.2269287109375
          ],
          [
            -210.52392578125,
            -67.04117584228516,
            0.2269287109375
          ],
          [
            -212.52362060546875,
            -67.0759506225586,
            0.2269287109375
          ],
          [
            -214.5233154296875,
            -67.11072540283203,
            0.2269287109375
          ],
          [
            -216.52301025390625,
            -67.14550018310547,
            0.2269287109375
          ],
          [
            -218.522705078125,
            -67.18028259277344,
            0.2269287109375
          ],
          [
            -220.52239990234375,
            -67.21505737304688,
            0.2269287109375
          ],
          [
            -222.52210998535156,
            -67.24983215332031,
            0.2269287109375
          ],
          [
            -224.5218048095703,
            -67.28460693359375,
            0.2269287109375
          ],
          [
            -226.52149963378906,
            -67.31938171386719,
            0.2269287109375
          ],
          [
            -228.5211944580078,
            -67.35415649414062,
            0.2269287109375
          ],
          [
            -230.52088928222656,
            -67.38893127441406,
            0.2269287109375
          ],
          [
            -232.52059936523438,
            -67.4237060546875,
            0.2269287109375
          ],
          [
            -234.52029418945312,
            -67.45848846435547,
            0.2269287109375
          ],
          [
            -236.51998901367188,
            -67.4932632446289,
            0.2269287109375
          ],
          [
            -238.51968383789062,
            -67.52803802490234,
            0.2269287109375
          ],
          [
            -240.51937866210938,
            -67.56281280517578,
            0.2269287109375
          ],
          [
            -242.51907348632812,
            -67.59758758544922,
            0.2269287109375
          ],
          [
            -244.51876831054688,
            -67.63236236572266,
            0.2269287109375
          ],
          [
            -246.5184783935547,
            -67.6671371459961,
            0.2269287109375
          ],
          [
            -248.51817321777344,
            -67.70191192626953,
            0.2269287109375
          ],
          [
            -250.5178680419922,
            -67.7366943359375,
            0.2269287109375
          ],
          [
            -252.51756286621094,
            -67.77146911621094,
            0.2269287109375
          ],
          [
            -254.51727294921875,
            -67.80624389648438,
            0.2269287109375
          ],
          [
            -256.5169677734375,
            -67.84101867675781,
            0.2269287109375
          ],
          [
            -258.51666259765625,
            -67.87579345703125,
            0.2269287109375
          ],
          [
            -260.516357421875,
            -67.91056823730469,
            0.2269287109375
          ],
          [
            -262.51605224609375,
            -67.94534301757812,
            0.2269287109375
          ],
          [
            -264.5157470703125,
            -67.9801254272461,
            0.2269287109375
          ],
          [
            -266.51544189453125,
            -68.01490020751953,
            0.2269287109375
          ],
          [
            -268.5151672363281,
            -68.04967498779297,
            0.2269287109375
          ],
          [
            -270.5148620605469,
            -68.0844497680664,
            0.2269287109375
          ],
          [
            -272.5145568847656,
            -68.11922454833984,
            0.2269287109375
          ],
          [
            -274.5142517089844,
            -68.15399932861328,
            0.2269287109375
          ],
          [
            -276.5139465332031,
            -68.18877410888672,
            0.2269287109375
          ],
          [
            -278.5136413574219,
            -68.22354888916016,
            0.2269287109375
          ],
          [
            -280.5133361816406,
            -68.25833129882812,
            0.2269287109375
          ],
          [
            -282.5130310058594,
            -68.29310607910156,
            0.2269287109375
          ],
          [
            -289.69268338185435,
            -65.8685553208837,
            0.145299069021108
          ]
        ]
      },
      "properties": {
        "from_junction": 71,
        "to_junction": 51,
        "length_m": 105.89
      }
    },
    {
      "type": "Feature",
      "geometry": {
        "type": "LineString",
        "coordinates": [
          [
            -289.69268338185435,
            -65.8685553208837,
            0.145299069021108
          ],
          [
            -293.04180908203125,
            -56.70119094848633,
            0.103546142578125
          ],
          [
            -292.8861083984375,
            -54.7072639465332,
            0.103546142578125
          ],
          [
            -292.7303771972656,
            -52.71333694458008,
            0.103546142578125
          ],
          [
            -292.57464599609375,
            -50.71940231323242,
            0.103546142578125
          ],
          [
            -292.4189147949219,
            -48.7254753112793,
            0.103546142578125
          ],
          [
            -292.2632141113281,
            -46.73154830932617,
            0.103546142578125
          ],
          [
            -292.10748291015625,
            -44.73762130737305,
            0.103546142578125
          ],
          [
            -291.9517517089844,
            -42.74369430541992,
            0.103546142578125
          ],
          [
            -291.7960205078125,
            -40.7497673034668,
            0.103546142578125
          ],
          [
            -291.64031982421875,
            -38.75583267211914,
            0.103546142578125
          ],
          [
            -291.4845886230469,
            -36.761905670166016,
            0.103546142578125
          ],
          [
            -291.328857421875,
            -34.76797866821289,
            0.103546142578125
          ],
          [
            -291.1731262207031,
            -32.774051666259766,
            0.103546142578125
          ],
          [
            -291.01739501953125,
            -30.780120849609375,
            0.103546142578125
          ],
          [
            -290.8616943359375,
            -28.78619384765625,
            0.103546142578125
          ],
          [
            -290.7059631347656,
            -26.79226303100586,
            0.103546142578125
          ],
          [
            -290.55023193359375,
            -24.798336029052734,
            0.103546142578125
          ],
          [
            -290.3945007324219,
            -22.80440902709961,
            0.103546142578125
          ],
          [
            -290.2388000488281,
            -20.81047821044922,
            0.103546142578125
          ],
          [
            -290.08306884765625,
            -18.816551208496094,
            0.103546142578125
          ],
          [
            -289.9273376464844,
            -16.822622299194336,
            0.103546142578125
          ],
          [
            -289.7716064453125,
            -14.828693389892578,
            0.103546142578125
          ],
          [
            -289.61590576171875,
            -12.834766387939453,
            0.103546142578125
          ],
          [
            -289.4601745605469,
            -10.840837478637695,
            0.103546142578125
          ],
          [
            -289.304443359375,
            -8.846908569335938,
            0.103546142578125
          ],
          [
            -289.1487121582031,
            -6.852982044219971,
            0.103546142578125
          ],
          [
            -288.9930114746094,
            -4.859053134918213,
            0.103546142578125
          ],
          [
            -288.8372802734375,
            -2.8651251792907715,
            0.103546142578125
          ],
          [
            -288.6815490722656,
            -0.8711962103843689,
            0.103546142578125
          ],
          [
            -288.52581787109375,
            1.1227318048477173,
            0.103546142578125
          ],
          [
            -288.3700866699219,
            3.116659641265869,
            0.103546142578125
          ],
          [
            -288.2143859863281,
            5.110588550567627,
            0.103546142578125
          ],
          [
            -288.05865478515625,
            7.104516506195068,
            0.103546142578125
          ],
          [
            -287.9029235839844,
            9.098445892333984,
            0.103546142578125
          ],
          [
            -287.7471923828125,
            11.092373847961426,
            0.103546142578125
          ],
          [
            -287.5914611816406,
            13.0863037109375,
            0.103546142578125
          ],
          [
            -283.0370880702757,
            21.558872456820506,
            0.14341551009214148
          ]
        ]
      },
      "properties": {
        "from_junction": 51,
        "to_junction": 703,
        "length_m": 89.38
      }
    },
    {
      "type": "Feature",
      "geometry": {
        "type": "LineString",
        "coordinates": [
          [
            281.78728787404185,
            -117.92148791619067,
            0.08826827342217823
          ],
          [
            272.6722412109375,
            -121.75,
            0.084442138671875
          ],
          [
            270.6722412109375,
            -121.75,
            0.084442138671875
          ],
          [
            268.6722412109375,
            -121.75,
            0.084442138671875
          ],
          [
            266.6722412109375,
            -121.75,
            0.084442138671875
          ],
          [
            264.6722412109375,
            -121.75,
            0.084442138671875
          ],
          [
            262.6722412109375,
            -121.75,
            0.084442138671875
          ],
          [
            260.6722412109375,
            -121.75,
            0.084442138671875
          ],
          [
            258.6722412109375,
            -121.75,
            0.084442138671875
          ],
          [
            256.6722412109375,
            -121.75,
            0.084442138671875
          ],
          [
            254.6722412109375,
            -121.75,
            0.084442138671875
          ],
          [
            252.6722412109375,
            -121.75,
            0.084442138671875
          ],
          [
            250.6722412109375,
            -121.75,
            0.084442138671875
          ],
          [
            248.6722412109375,
            -121.75,
            0.084442138671875
          ],
          [
            246.6722412109375,
            -121.75,
            0.084442138671875
          ],
          [
            244.6722412109375,
            -121.75,
            0.084442138671875
          ],
          [
            242.6722412109375,
            -121.75,
            0.084442138671875
          ],
          [
            240.6722412109375,
            -121.75,
            0.084442138671875
          ],
          [
            238.6722412109375,
            -121.75,
            0.084442138671875
          ],
          [
            236.6722412109375,
            -121.75,
            0.084442138671875
          ],
          [
            234.6722412109375,
            -121.75,
            0.084442138671875
          ],
          [
            232.6722412109375,
            -121.75,
            0.084442138671875
          ],
          [
            230.6722412109375,
            -121.75,
            0.084442138671875
          ],
          [
            228.6722412109375,
            -121.75,
            0.084442138671875
          ],
          [
            226.6722412109375,
            -121.75,
            0.084442138671875
          ],
          [
            224.6722412109375,
            -121.75,
            0.084442138671875
          ],
          [
            222.6722412109375,
            -121.75,
            0.084442138671875
          ],
          [
            220.6722412109375,
            -121.75,
            0.084442138671875
          ],
          [
            218.6722412109375,
            -121.75,
            0.084442138671875
          ],
          [
            216.6722412109375,
            -121.75,
            0.084442138671875
          ],
          [
            214.6722412109375,
            -121.75,
            0.084442138671875
          ],
          [
            212.6722412109375,
            -121.75,
            0.084442138671875
          ],
          [
            210.6722412109375,
            -121.75,
            0.084442138671875
          ],
          [
            208.6722412109375,
            -121.75,
            0.084442138671875
          ],
          [
            206.6722412109375,
            -121.75,
            0.084442138671875
          ],
          [
            204.6722412109375,
            -121.75,
            0.084442138671875
          ],
          [
            202.6722412109375,
            -121.75,
            0.084442138671875
          ],
          [
            200.6722412109375,
            -121.75,
            0.084442138671875
          ],
          [
            198.6722412109375,
            -121.75,
            0.084442138671875
          ],
          [
            196.6722412109375,
            -121.75,
            0.084442138671875
          ],
          [
            194.6722412109375,
            -121.75,
            0.084442138671875
          ],
          [
            192.6722412109375,
            -121.75,
            0.084442138671875
          ],
          [
            190.6722412109375,
            -121.75,
            0.084442138671875
          ],
          [
            188.6722412109375,
            -121.75,
            0.084442138671875
          ],
          [
            186.6722412109375,
            -121.75,
            0.084442138671875
          ],
          [
            184.6722412109375,
            -121.75,
            0.084442138671875
          ],
          [
            182.6722412109375,
            -121.75,
            0.084442138671875
          ],
          [
            180.6722412109375,
            -121.75,
            0.084442138671875
          ],
          [
            178.6722412109375,
            -121.75,
            0.084442138671875
          ],
          [
            176.6722412109375,
            -121.75,
            0.084442138671875
          ],
          [
            174.6722412109375,
            -121.75,
            0.084442138671875
          ],
          [
            172.6722412109375,
            -121.75,
            0.084442138671875
          ],
          [
            170.6722412109375,
            -121.75,
            0.084442138671875
          ],
          [
            168.6722412109375,
            -121.75,
            0.084442138671875
          ],
          [
            166.6722412109375,
            -121.75,
            0.084442138671875
          ],
          [
            164.6722412109375,
            -121.75,
            0.084442138671875
          ],
          [
            162.6722412109375,
            -121.75,
            0.084442138671875
          ],
          [
            160.6722412109375,
            -121.75,
            0.084442138671875
          ],
          [
            158.6722412109375,
            -121.75,
            0.084442138671875
          ],
          [
            156.6722412109375,
            -121.75,
            0.084442138671875
          ],
          [
            154.6722412109375,
            -121.75,
            0.084442138671875
          ],
          [
            152.6722412109375,
            -121.75,
            0.084442138671875
          ],
          [
            150.6722412109375,
            -121.75,
            0.084442138671875
          ],
          [
            148.6722412109375,
            -121.75,
            0.084442138671875
          ],
          [
            146.6722412109375,
            -121.75,
            0.084442138671875
          ],
          [
            144.6722412109375,
            -121.75,
            0.084442138671875
          ],
          [
            142.6722412109375,
            -121.75,
            0.084442138671875
          ],
          [
            140.6722412109375,
            -121.75,
            0.084442138671875
          ],
          [
            138.6722412109375,
            -121.75,
            0.084442138671875
          ],
          [
            136.6722412109375,
            -121.75,
            0.084442138671875
          ],
          [
            134.6722412109375,
            -121.75,
            0.084442138671875
          ],
          [
            132.6722412109375,
            -121.75,
            0.084442138671875
          ],
          [
            130.6722412109375,
            -121.75,
            0.084442138671875
          ],
          [
            128.67222595214844,
            -121.75,
            0.084442138671875
          ],
          [
            120.32145940340482,
            -118.21405542813815,
            0.12126763064700824
          ]
        ]
      },
      "properties": {
        "from_junction": 438,
        "to_junction": 936,
        "length_m": 162.95
      }
    },
    {
      "type": "Feature",
      "geometry": {
        "type": "LineString",
        "coordinates": [
          [
            -56.618625987659804,
            24.527141987193716,
            0.2145438027652827
          ],
          [
            -55.354949951171875,
            14.780210494995117,
            0.201416015625
          ],
          [
            -55.51436996459961,
            12.78657341003418,
            0.201416015625
          ],
          [
            -55.67379379272461,
            10.792936325073242,
            0.201416015625
          ],
          [
            -55.833213806152344,
            8.799299240112305,
            0.201416015625
          ],
          [
            -55.992637634277344,
            6.805661678314209,
            0.201416015625
          ],
          [
            -56.15205764770508,
            4.812028408050537,
            0.201416015625
          ],
          [
            -56.31148147583008,
            2.8183915615081787,
            0.201416015625
          ],
          [
            -56.47090148925781,
            0.8247543573379517,
            0.201416015625
          ],
          [
            -56.63032531738281,
            -1.1688827276229858,
            0.201416015625
          ],
          [
            -56.78974914550781,
            -3.162515878677368,
            0.201416015625
          ],
          [
            -56.94916915893555,
            -5.156153202056885,
            0.201416015625
          ],
          [
            -57.10859298706055,
            -7.149790287017822,
            0.201416015625
          ],
          [
            -57.26801300048828,
            -9.143423080444336,
            0.201416015625
          ],
          [
            -57.42743682861328,
            -11.137060165405273,
            0.201416015625
          ],
          [
            -57.586856842041016,
            -13.130697250366211,
            0.201416015625
          ],
          [
            -57.746280670166016,
            -15.124334335327148,
            0.201416015625
          ],
          [
            -57.90570068359375,
            -17.11796760559082,
            0.201416015625
          ],
          [
            -58.06512451171875,
            -19.111604690551758,
            0.201416015625
          ],
          [
            -58.22454833984375,
            -21.105241775512695,
            0.201416015625
          ],
          [
            -58.383968353271484,
            -23.098876953125,
            0.201416015625
          ],
          [
            -58.543392181396484,
            -25.092512130737305,
            0.201416015625
          ],
          [
            -58.70281219482422,
            -27.086149215698242,
            0.201416015625
          ],
          [
            -58.86223602294922,
            -29.079784393310547,
            0.201416015625
          ],
          [
            -59.02165603637695,
            -31.073421478271484,
            0.201416015625
          ],
          [
            -59.18107986450195,
            -33.06705856323242,
            0.201416015625
          ],
          [
            -59.34049987792969,
            -35.06069564819336,
            0.201416015625
          ],
          [
            -59.49992370605469,
            -37.05432891845703,
            0.201416015625
          ],
          [
            -59.65934753417969,
            -39.04796600341797,
            0.201416015625
          ],
          [
            -59.81876754760742,
            -41.041603088378906,
            0.201416015625
          ],
          [
            -59.97819137573242,
            -43.035240173339844,
            0.201416015625
          ],
          [
            -60.137611389160156,
            -45.028873443603516,
            0.201416015625
          ],
          [
            -60.297035217285156,
            -47.02251052856445,
            0.201416015625
          ],
          [
            -60.45645523071289,
            -49.01614761352539,
            0.201416015625
          ],
          [
            -60.61587905883789,
            -51.00978469848633,
            0.201416015625
          ],
          [
            -60.775299072265625,
            -53.00341796875,
            0.201416015625
          ],
          [
            -63.13028134432706,
            -63.01999407681552,
            0.21416838060725818
          ]
        ]
      },
      "properties": {
        "from_junction": 214,
        "to_junction": 458,
        "length_m": 88.12
      }
    },
    {
      "type": "Feature",
      "geometry": {
        "type": "LineString",
        "coordinates": [
          [
            -189.02421512243882,
            -117.98140183934626,
            0.11630455207712245
          ],
          [
            -190.7275390625,
            -109.92363739013672,
            0.18621826171875
          ],
          [
            -190.52728271484375,
            -107.93368530273438,
            0.18621826171875
          ],
          [
            -190.3270263671875,
            -105.94374084472656,
            0.18621826171875
          ],
          [
            -190.1267852783203,
            -103.95378875732422,
            0.18621826171875
          ],
          [
            -189.92652893066406,
            -101.96383666992188,
            0.18621826171875
          ],
          [
            -189.7262725830078,
            -99.97389221191406,
            0.18621826171875
          ],
          [
            -189.52601623535156,
            -97.98394012451172,
            0.18621826171875
          ],
          [
            -189.3257598876953,
            -95.9939956665039,
            0.18621826171875
          ],
          [
            -189.12550354003906,
            -94.00404357910156,
            0.18621826171875
          ],
          [
            -188.92526245117188,
            -92.01409149169922,
            0.18621826171875
          ],
          [
            -188.72500610351562,
            -90.0241470336914,
            0.18621826171875
          ],
          [
            -188.52474975585938,
            -88.03419494628906,
            0.18621826171875
          ],
          [
            -188.32449340820312,
            -86.04424285888672,
            0.18621826171875
          ],
          [
            -188.12423706054688,
            -84.0542984008789,
            0.18621826171875
          ],
          [
            -187.9239959716797,
            -82.06434631347656,
            0.18621826171875
          ],
          [
            -187.72373962402344,
            -80.07439422607422,
            0.18621826171875
          ],
          [
            -187.5234832763672,
            -78.0844497680664,
            0.18621826171875
          ],
          [
            -187.32322692871094,
            -76.09449768066406,
            0.18621826171875
          ],
          [
            -187.15347290039062,
            -74.22645568847656,
            0.18621826171875
          ],
          [
            -184.36903715970223,
            -65.00474488107781,
            0.2065669249808579
          ]
        ]
      },
      "properties": {
        "from_junction": 976,
        "to_junction": 71,
        "length_m": 53.74
      }
    },
    {
      "type": "Feature",
      "geometry": {
        "type": "LineString",
        "coordinates": [
          [
            362.04527576153095,
            -55.537889627309944,
            0.13607510050328878
          ],
          [
            365.45391845703125,
            -64.65006256103516,
            0.09783935546875
          ],
          [
            365.4190368652344,
            -66.6497573852539,
            0.09783935546875
          ],
          [
            365.3841857910156,
            -68.64945220947266,
            0.09783935546875
          ],
          [
            365.34930419921875,
            -70.6491470336914,
            0.09783935546875
          ],
          [
            365.314453125,
            -72.64884948730469,
            0.09783935546875
          ],
          [
            365.2795715332031,
            -74.64854431152344,
            0.09783935546875
          ],
          [
            365.2447204589844,
            -76.64823913574219,
            0.09783935546875
          ],
          [
            365.2098388671875,
            -78.64793395996094,
            0.09783935546875
          ],
          [
            365.17498779296875,
            -80.64762878417969,
            0.09783935546875
          ],
          [
            365.1401062011719,
            -82.64733123779297,
            0.09783935546875
          ],
          [
            365.105224609375,
            -84.64702606201172,
            0.09783935546875
          ],
          [
            365.07037353515625,
            -86.64672088623047,
            0.09783935546875
          ],
          [
            365.0354919433594,
            -88.64641571044922,
            0.09783935546875
          ],
          [
            365.0006408691406,
            -90.64611053466797,
            0.09783935546875
          ],
          [
            364.96575927734375,
            -92.64580535888672,
            0.09783935546875
          ],
          [
            364.930908203125,
            -94.64550018310547,
            0.09783935546875
          ],
          [
            364.8960266113281,
            -96.64519500732422,
            0.09783935546875
          ],
          [
            364.86114501953125,
            -98.64488983154297,
            0.09783935546875
          ],
          [
            364.8262939453125,
            -100.64459228515625,
            0.09783935546875
          ],
          [
            364.7914123535156,
            -102.644287109375,
            0.09783935546875
          ],
          [
            364.7565612792969,
            -104.64398193359375,
            0.09783935546875
          ],
          [
            364.7216796875,
            -106.64368438720703,
            0.09783935546875
          ],
          [
            364.68682861328125,
            -108.64337921142578,
            0.09783935546875
          ],
          [
            364.6519470214844,
            -110.64307403564453,
            0.09783935546875
          ],
          [
            364.6170654296875,
            -112.64276885986328,
            0.09783935546875
          ],
          [
            359.89447593688965,
            -116.67077684402466,
            0.09138192748650908
          ]
        ]
      },
      "properties": {
        "from_junction": 916,
        "to_junction": 173,
        "length_m": 63.94
      }
    },
    {
      "type": "Feature",
      "geometry": {
        "type": "LineString",
        "coordinates": [
          [
            364.79039091222427,
            194.96516597972197,
            0.16776523519964778
          ],
          [
            369.8728332519531,
            188.77598571777344,
            0.09783935546875
          ],
          [
            369.83795166015625,
            186.7762908935547,
            0.09783935546875
          ],
          [
            369.8031005859375,
            184.77659606933594,
            0.09783935546875
          ],
          [
            369.7682189941406,
            182.7769012451172,
            0.09783935546875
          ],
          [
            369.7333679199219,
            180.77720642089844,
            0.09783935546875
          ],
          [
            369.698486328125,
            178.7775115966797,
            0.09783935546875
          ],
          [
            369.66363525390625,
            176.77781677246094,
            0.09783935546875
          ],
          [
            369.6287536621094,
            174.77810668945312,
            0.09783935546875
          ],
          [
            369.5939025878906,
            172.77841186523438,
            0.09783935546875
          ],
          [
            369.55902099609375,
            170.77871704101562,
            0.09783935546875
          ],
          [
            369.5241394042969,
            168.77902221679688,
            0.09783935546875
          ],
          [
            369.4892883300781,
            166.77932739257812,
            0.09783935546875
          ],
          [
            369.45440673828125,
            164.77963256835938,
            0.09783935546875
          ],
          [
            369.4195556640625,
            162.77993774414062,
            0.09783935546875
          ],
          [
            369.3846740722656,
            160.78024291992188,
            0.09783935546875
          ],
          [
            369.3498229980469,
            158.78054809570312,
            0.09783935546875
          ],
          [
            369.31494140625,
            156.78085327148438,
            0.09783935546875
          ],
          [
            369.2800598144531,
            154.78115844726562,
            0.09783935546875
          ],
          [
            369.2452087402344,
            152.7814483642578,
            0.09783935546875
          ],
          [
            369.2103271484375,
            150.78175354003906,
            0.09783935546875
          ],
          [
            369.17547607421875,
            148.7820587158203,
            0.09783935546875
          ],
          [
            369.1405944824219,
            146.78236389160156,
            0.09783935546875
          ],
          [
            369.1057434082031,
            144.7826690673828,
            0.09783935546875
          ],
          [
            369.07086181640625,
            142.78297424316406,
            0.09783935546875
          ],
          [
            369.0360107421875,
            140.7832794189453,
            0.09783935546875
          ],
          [
            369.0011291503906,
            138.78358459472656,
            0.09783935546875
          ],
          [
            368.96624755859375,
            136.7838897705078,
            0.09783935546875
          ],
          [
            368.931396484375,
            134.78419494628906,
            0.09783935546875
          ],
          [
            368.8965148925781,
            132.7845001220703,
            0.09783935546875
          ],
          [
            368.8616638183594,
            130.78480529785156,
            0.09783935546875
          ],
          [
            368.8267822265625,
            128.7851104736328,
            0.09783935546875
          ],
          [
            368.79193115234375,
            126.785400390625,
            0.09783935546875
          ],
          [
            368.7570495605469,
            124.78570556640625,
            0.09783935546875
          ],
          [
            368.72216796875,
            122.7860107421875,
            0.09783935546875
          ],
          [
            368.68731689453125,
            120.78631591796875,
            0.09783935546875
          ],
          [
            368.6524353027344,
            118.78661346435547,
            0.09783935546875
          ],
          [
            368.6175842285156,
            116.78692626953125,
            0.09783935546875
          ],
          [
            364.7081768329327,
            109.11567864051231,
            0.06694137241888362
          ]
        ]
      },
      "properties": {
        "from_junction": 407,
        "to_junction": 581,
        "length_m": 88.62
      }
    },
    {
      "type": "Feature",
      "geometry": {
        "type": "LineString",
        "coordinates": [
          [
            -283.0370880702757,
            21.558872456820506,
            0.14341551009214148
          ],
          [
            -286.21435546875,
            30.719255447387695,
            0.103546142578125
          ],
          [
            -286.0586242675781,
            32.71318054199219,
            0.103546142578125
          ],
          [
            -285.9029235839844,
            34.70711135864258,
            0.103546142578125
          ],
          [
            -285.7471923828125,
            36.7010383605957,
            0.103546142578125
          ],
          [
            -285.5914611816406,
            38.69496536254883,
            0.103546142578125
          ],
          [
            -285.43572998046875,
            40.68889617919922,
            0.103546142578125
          ],
          [
            -285.280029296875,
            42.682823181152344,
            0.103546142578125
          ],
          [
            -285.1242980957031,
            44.67675018310547,
            0.103546142578125
          ],
          [
            -284.96856689453125,
            46.67068099975586,
            0.103546142578125
          ],
          [
            -284.8128356933594,
            48.664608001708984,
            0.103546142578125
          ],
          [
            -284.6571350097656,
            50.65853500366211,
            0.103546142578125
          ],
          [
            -284.50140380859375,
            52.652462005615234,
            0.103546142578125
          ],
          [
            -284.3456726074219,
            54.646392822265625,
            0.103546142578125
          ],
          [
            -284.18994140625,
            56.64031982421875,
            0.103546142578125
          ],
          [
            -284.0342102050781,
            58.63425064086914,
            0.103546142578125
          ],
          [
            -283.8785095214844,
            60.628177642822266,
            0.103546142578125
          ],
          [
            -283.7227783203125,
            62.62210464477539,
            0.103546142578125
          ],
          [
            -283.5670471191406,
            64.61603546142578,
            0.103546142578125
          ],
          [
            -283.41131591796875,
            66.60997009277344,
            0.103546142578125
          ],
          [
            -283.255615234375,
            68.60389709472656,
            0.103546142578125
          ],
          [
            -283.0998840332031,
            70.59782409667969,
            0.103546142578125
          ],
          [
            -282.94415283203125,
            72.59175109863281,
            0.103546142578125
          ],
          [
            -282.7884216308594,
            74.58567810058594,
            0.103546142578125
          ],
          [
            -282.6327209472656,
            76.57960510253906,
            0.103546142578125
          ],
          [
            -282.47698974609375,
            78.57353210449219,
            0.103546142578125
          ],
          [
            -282.3212585449219,
            80.56745910644531,
            0.103546142578125
          ],
          [
            -277.5864085071492,
            88.61957492468493,
            0.06804842740200671
          ]
        ]
      },
      "properties": {
        "from_junction": 703,
        "to_junction": 794,
        "length_m": 69.04
      }
    },
    {
      "type": "Feature",
      "geometry": {
        "type": "LineString",
        "coordinates": [
          [
            -161.309012646945,
            175.97659762400502,
            0.2175658997499718
          ],
          [
            -152.18557739257812,
            180.47093200683594,
            0.2344970703125
          ],
          [
            -150.18699645996094,
            180.54617309570312,
            0.2344970703125
          ],
          [
            -148.18841552734375,
            180.6214141845703,
            0.2344970703125
          ],
          [
            -146.1898193359375,
            180.69667053222656,
            0.2344970703125
          ],
          [
            -144.1912384033203,
            180.77191162109375,
            0.2344970703125
          ],
          [
            -142.19265747070312,
            180.84715270996094,
            0.2344970703125
          ],
          [
            -140.19407653808594,
            180.92239379882812,
            0.2344970703125
          ],
          [
            -138.19549560546875,
            180.9976348876953,
            0.2344970703125
          ],
          [
            -136.1968994140625,
            181.0728759765625,
            0.2344970703125
          ],
          [
            -134.1983184814453,
            181.14813232421875,
            0.2344970703125
          ],
          [
            -132.19973754882812,
            181.22337341308594,
            0.2344970703125
          ],
          [
            -130.20115661621094,
            181.29861450195312,
            0.2344970703125
          ],
          [
            -128.2025604248047,
            181.3738555908203,
            0.2344970703125
          ],
          [
            -126.2039794921875,
            181.4490966796875,
            0.2344970703125
          ],
          [
            -124.20539855957031,
            181.5243377685547,
            0.2344970703125
          ],
          [
            -122.20681762695312,
            181.59959411621094,
            0.2344970703125
          ],
          [
            -120.20823669433594,
            181.67483520507812,
            0.2344970703125
          ],
          [
            -118.20964813232422,
            181.7500762939453,
            0.2344970703125
          ],
          [
            -116.2110595703125,
            181.8253173828125,
            0.2344970703125
          ],
          [
            -114.21247863769531,
            181.9005584716797,
            0.2344970703125
          ],
          [
            -112.21389770507812,
            181.97581481933594,
            0.2344970703125
          ],
          [
            -110.21531677246094,
            182.05105590820312,
            0.2344970703125
          ],
          [
            -108.21672821044922,
            182.1262969970703,
            0.2344970703125
          ],
          [
            -106.2181396484375,
            182.2015380859375,
            0.2344970703125
          ],
          [
            -104.21955871582031,
            182.2767791748047,
            0.2344970703125
          ],
          [
            -102.22097778320312,
            182.35202026367188,
            0.2344970703125
          ],
          [
            -100.2223892211914,
            182.42727661132812,
            0.2344970703125
          ],
          [
            -98.22380828857422,
            182.5025177001953,
            0.2344970703125
          ],
          [
            -96.2252197265625,
            182.5777587890625,
            0.2344970703125
          ],
          [
            -94.22663879394531,
            182.6529998779297,
            0.2344970703125
          ],
          [
            -92.22805786132812,
            182.72824096679688,
            0.2344970703125
          ],
          [
            -90.2294692993164,
            182.80348205566406,
            0.2344970703125
          ],
          [
            -88.23088836669922,
            182.8787384033203,
            0.2344970703125
          ],
          [
            -86.2322998046875,
            182.9539794921875,
            0.2344970703125
          ],
          [
            -84.23371887207031,
            183.0292205810547,
            0.2344970703125
          ],
          [
            -82.23513793945312,
            183.10446166992188,
            0.2344970703125
          ],
          [
            -80.2365493774414,
            183.17970275878906,
            0.2344970703125
          ],
          [
            -78.23796844482422,
            183.2549591064453,
            0.2344970703125
          ],
          [
            -76.2393798828125,
            183.3302001953125,
            0.2344970703125
          ],
          [
            -74.24079895019531,
            183.4054412841797,
            0.2344970703125
          ],
          [
            -72.2422103881836,
            183.48068237304688,
            0.2344970703125
          ],
          [
            -70.2436294555664,
            183.55592346191406,
            0.2344970703125
          ],
          [
            -68.24504852294922,
            183.63116455078125,
            0.2344970703125
          ],
          [
            -66.2464599609375,
            183.7064208984375,
            0.2344970703125
          ],
          [
            -64.24787902832031,
            183.7816619873047,
            0.2344970703125
          ],
          [
            -62.24928665161133,
            183.85690307617188,
            0.2344970703125
          ],
          [
            -60.25070571899414,
            183.93214416503906,
            0.2344970703125
          ],
          [
            -58.25212478637695,
            184.00738525390625,
            0.2344970703125
          ],
          [
            -56.253536224365234,
            184.0826416015625,
            0.2344970703125
          ],
          [
            -54.25495529174805,
            184.1578826904297,
            0.2344970703125
          ],
          [
            -52.25637435913086,
            184.23312377929688,
            0.2344970703125
          ],
          [
            -44.82919469869362,
            180.40997775095815,
            0.22305801342118461
          ]
        ]
      },
      "properties": {
        "from_junction": 956,
        "to_junction": 265,
        "length_m": 118.52
      }
    },
    {
      "type": "Feature",
      "geometry": {
        "type": "LineString",
        "coordinates": [
          [
            -175.83739056503563,
            22.49842975850691,
            0.2069419124408772
          ],
          [
            -174.89849853515625,
            12.416110038757324,
            0.18621826171875
          ],
          [
            -175.0987548828125,
            10.42615795135498,
            0.18621826171875
          ],
          [
            -175.29901123046875,
            8.436213493347168,
            0.18621826171875
          ],
          [
            -175.499267578125,
            6.446260929107666,
            0.18621826171875
          ],
          [
            -175.6995086669922,
            4.456312656402588,
            0.18621826171875
          ],
          [
            -175.89976501464844,
            2.466364622116089,
            0.18621826171875
          ],
          [
            -176.1000213623047,
            0.47641628980636597,
            0.18621826171875
          ],
          [
            -176.30027770996094,
            -1.5135358572006226,
            0.18621826171875
          ],
          [
            -176.5005340576172,
            -3.503484010696411,
            0.18621826171875
          ],
          [
            -176.70077514648438,
            -5.493432521820068,
            0.18621826171875
          ],
          [
            -176.90103149414062,
            -7.483384609222412,
            0.18621826171875
          ],
          [
            -177.10128784179688,
            -9.473332405090332,
            0.18621826171875
          ],
          [
            -177.30154418945312,
            -11.46328067779541,
            0.18621826171875
          ],
          [
            -177.50180053710938,
            -13.453228950500488,
            0.18621826171875
          ],
          [
            -177.70204162597656,
            -15.443181037902832,
            0.18621826171875
          ],
          [
            -177.9022979736328,
            -17.433130264282227,
            0.18621826171875
          ],
          [
            -178.10255432128906,
            -19.423078536987305,
            0.18621826171875
          ],
          [
            -178.3028106689453,
            -21.41303062438965,
            0.18621826171875
          ],
          [
            -178.50306701660156,
            -23.402978897094727,
            0.18621826171875
          ],
          [
            -178.7033233642578,
            -25.392927169799805,
            0.18621826171875
          ],
          [
            -178.903564453125,
            -27.382877349853516,
            0.18621826171875
          ],
          [
            -179.10382080078125,
            -29.372827529907227,
            0.18621826171875
          ],
          [
            -179.3040771484375,
            -31.362775802612305,
            0.18621826171875
          ],
          [
            -179.50433349609375,
            -33.352725982666016,
            0.18621826171875
          ],
          [
            -179.70458984375,
            -35.34267044067383,
            0.18621826171875
          ],
          [
            -179.9048309326172,
            -37.33262252807617,
            0.18621826171875
          ],
          [
            -180.10508728027344,
            -39.32257080078125,
            0.18621826171875
          ],
          [
            -180.3053436279297,
            -41.31251907348633,
            0.18621826171875
          ],
          [
            -180.50559997558594,
            -43.30247116088867,
            0.18621826171875
          ],
          [
            -180.7058563232422,
            -45.29241943359375,
            0.18621826171875
          ],
          [
            -180.90611267089844,
            -47.28236770629883,
            0.18621826171875
          ],
          [
            -181.10635375976562,
            -49.27231979370117,
            0.18621826171875
          ],
          [
            -181.30661010742188,
            -51.26226806640625,
            0.18621826171875
          ],
          [
            -181.50686645507812,
            -53.25221633911133,
            0.18621826171875
          ],
          [
            -181.70712280273438,
            -55.242164611816406,
            0.18621826171875
          ],
          [
            -184.36903715970223,
            -65.00474488107781,
            0.2065669249808579
          ]
        ]
      },
      "properties": {
        "from_junction": 305,
        "to_junction": 71,
        "length_m": 88.24
      }
    },
    {
      "type": "Feature",
      "geometry": {
        "type": "LineString",
        "coordinates": [
          [
            266.303850569815,
            104.08730647249043,
            0.04882840990673153
          ],
          [
            268.71356201171875,
            94.68231201171875,
            0.09649658203125
          ],
          [
            268.8564758300781,
            92.68742370605469,
            0.09649658203125
          ],
          [
            268.9994201660156,
            90.69253540039062,
            0.09649658203125
          ],
          [
            269.142333984375,
            88.6976547241211,
            0.09649658203125
          ],
          [
            269.2852478027344,
            86.70276641845703,
            0.09649658203125
          ],
          [
            269.4281921386719,
            84.70787811279297,
            0.09649658203125
          ],
          [
            269.57110595703125,
            82.7129898071289,
            0.09649658203125
          ],
          [
            269.7140197753906,
            80.71810913085938,
            0.09649658203125
          ],
          [
            269.8569641113281,
            78.72322082519531,
            0.09649658203125
          ],
          [
            269.9998779296875,
            76.72833251953125,
            0.09649658203125
          ],
          [
            270.142822265625,
            74.73344421386719,
            0.09649658203125
          ],
          [
            270.2857360839844,
            72.73855590820312,
            0.09649658203125
          ],
          [
            270.42864990234375,
            70.7436752319336,
            0.09649658203125
          ],
          [
            270.57159423828125,
            68.74878692626953,
            0.09649658203125
          ],
          [
            270.7145080566406,
            66.75389862060547,
            0.09649658203125
          ],
          [
            270.857421875,
            64.7590103149414,
            0.09649658203125
          ],
          [
            271.0003662109375,
            62.764122009277344,
            0.09649658203125
          ],
          [
            271.1432800292969,
            60.76923751831055,
            0.09649658203125
          ],
          [
            271.28619384765625,
            58.774349212646484,
            0.09649658203125
          ],
          [
            271.42913818359375,
            56.77946472167969,
            0.09649658203125
          ],
          [
            271.5720520019531,
            54.784576416015625,
            0.09649658203125
          ],
          [
            271.7149658203125,
            52.78968811035156,
            0.09649658203125
          ],
          [
            271.85791015625,
            50.794803619384766,
            0.09649658203125
          ],
          [
            272.0008239746094,
            48.7999153137207,
            0.09649658203125
          ],
          [
            272.1437683105469,
            46.805030822753906,
            0.09649658203125
          ],
          [
            272.28668212890625,
            44.810142517089844,
            0.09649658203125
          ],
          [
            272.4295959472656,
            42.81525802612305,
            0.09649658203125
          ],
          [
            272.5725402832031,
            40.820369720458984,
            0.09649658203125
          ],
          [
            272.715087890625,
            38.88273620605469,
            0.09649658203125
          ],
          [
            271.3296415540907,
            30.861530904416686,
            0.16211189267536005
          ]
        ]
      },
      "properties": {
        "from_junction": 529,
        "to_junction": 865,
        "length_m": 73.79
      }
    },
    {
      "type": "Feature",
      "geometry": {
        "type": "LineString",
        "coordinates": [
          [
            119.63222987835223,
            186.91745112492487,
            0.22663304324333483
          ],
          [
            121.80990600585938,
            179.6331787109375,
            0.209716796875
          ],
          [
            121.81158447265625,
            177.6331787109375,
            0.209716796875
          ],
          [
            121.81327056884766,
            175.6331787109375,
            0.209716796875
          ],
          [
            121.81495666503906,
            173.63319396972656,
            0.209716796875
          ],
          [
            121.81664276123047,
            171.6331787109375,
            0.209716796875
          ],
          [
            121.81832885742188,
            169.6331787109375,
            0.209716796875
          ],
          [
            121.82001495361328,
            167.63319396972656,
            0.209716796875
          ],
          [
            121.82169342041016,
            165.63319396972656,
            0.209716796875
          ],
          [
            121.82337951660156,
            163.63319396972656,
            0.209716796875
          ],
          [
            121.82506561279297,
            161.63319396972656,
            0.209716796875
          ],
          [
            121.82675170898438,
            159.63319396972656,
            0.209716796875
          ],
          [
            121.82843780517578,
            157.63319396972656,
            0.209716796875
          ],
          [
            121.83012390136719,
            155.63319396972656,
            0.209716796875
          ],
          [
            121.83180236816406,
            153.63319396972656,
            0.209716796875
          ],
          [
            121.83348846435547,
            151.63319396972656,
            0.209716796875
          ],
          [
            121.83517456054688,
            149.63319396972656,
            0.209716796875
          ],
          [
            121.83686065673828,
            147.63319396972656,
            0.209716796875
          ],
          [
            121.83854675292969,
            145.63319396972656,
            0.209716796875
          ],
          [
            121.84022521972656,
            143.63319396972656,
            0.209716796875
          ],
          [
            121.84191131591797,
            141.63319396972656,
            0.209716796875
          ],
          [
            121.84359741210938,
            139.63319396972656,
            0.209716796875
          ],
          [
            121.84528350830078,
            137.63319396972656,
            0.209716796875
          ],
          [
            121.84696960449219,
            135.63319396972656,
            0.209716796875
          ],
          [
            121.8486557006836,
            133.63319396972656,
            0.209716796875
          ],
          [
            121.85033416748047,
            131.63319396972656,
            0.209716796875
          ],
          [
            121.85202026367188,
            129.63319396972656,
            0.209716796875
          ],
          [
            121.85370635986328,
            127.63319396972656,
            0.209716796875
          ],
          [
            121.85539245605469,
            125.63319396972656,
            0.209716796875
          ],
          [
            121.8570785522461,
            123.63319396972656,
            0.209716796875
          ],
          [
            121.8587646484375,
            121.63319396972656,
            0.209716796875
          ],
          [
            121.86044311523438,
            119.63319396972656,
            0.209716796875
          ],
          [
            121.86212921142578,
            117.63319396972656,
            0.209716796875
          ],
          [
            121.86381530761719,
            115.63319396972656,
            0.209716796875
          ],
          [
            121.8655014038086,
            113.63319396972656,
            0.209716796875
          ],
          [
            121.8671875,
            111.63319396972656,
            0.209716796875
          ],
          [
            121.8688735961914,
            109.6332015991211,
            0.209716796875
          ],
          [
            121.87055206298828,
            107.6332015991211,
            0.209716796875
          ],
          [
            120.32524497553987,
            99.4004582818949,
            0.1048696948991559
          ]
        ]
      },
      "properties": {
        "from_junction": 285,
        "to_junction": 814,
        "length_m": 87.98
      }
    },
    {
      "type": "Feature",
      "geometry": {
        "type": "LineString",
        "coordinates": [
          [
            -50.6954729180587,
            94.32321401227985,
            0.10074462517309656
          ],
          [
            -40.75212860107422,
            96.51129150390625,
            0.0
          ],
          [
            -38.75299835205078,
            96.57046508789062,
            0.0
          ],
          [
            -36.753883361816406,
            96.629638671875,
            0.0
          ],
          [
            -34.75475311279297,
            96.6888198852539,
            0.0
          ],
          [
            -32.75562286376953,
            96.74799346923828,
            0.0
          ],
          [
            -30.756505966186523,
            96.80717468261719,
            0.0
          ],
          [
            -28.757375717163086,
            96.86634826660156,
            0.0
          ],
          [
            -26.75824546813965,
            96.92552185058594,
            0.0
          ],
          [
            -24.759130477905273,
            96.98470306396484,
            0.0
          ],
          [
            -22.760000228881836,
            97.04387664794922,
            0.0
          ],
          [
            -20.76088523864746,
            97.10305786132812,
            0.0
          ],
          [
            -18.761754989624023,
            97.1622314453125,
            0.0
          ],
          [
            -16.762632369995117,
            97.22140502929688,
            0.0
          ],
          [
            -14.763510704040527,
            97.28058624267578,
            0.0
          ],
          [
            -12.76438045501709,
            97.33975982666016,
            0.0
          ],
          [
            -10.765257835388184,
            97.39894104003906,
            0.0
          ],
          [
            -8.766135215759277,
            97.45811462402344,
            0.0
          ],
          [
            -6.767012596130371,
            97.51728820800781,
            0.0
          ],
          [
            -4.767889976501465,
            97.57646942138672,
            0.0
          ],
          [
            -2.7687594890594482,
            97.6356430053711,
            0.0
          ],
          [
            -0.7696369886398315,
            97.69482421875,
            0.0
          ],
          [
            1.2294856309890747,
            97.75399780273438,
            0.0
          ],
          [
            3.2286083698272705,
            97.81317138671875,
            0.0
          ],
          [
            5.227738380432129,
            97.87235260009766,
            0.0
          ],
          [
            7.226861000061035,
            97.93152618408203,
            0.0
          ],
          [
            9.225983619689941,
            97.99070739746094,
            0.0
          ],
          [
            11.225106239318848,
            98.04988098144531,
            0.0
          ],
          [
            13.224236488342285,
            98.10905456542969,
            0.0
          ],
          [
            15.223359107971191,
            98.1682357788086,
            0.0
          ],
          [
            17.222482681274414,
            98.22740936279297,
            0.0
          ],
          [
            19.22160530090332,
            98.28659057617188,
            0.0
          ],
          [
            21.220727920532227,
            98.34576416015625,
            0.0
          ],
          [
            23.219858169555664,
            98.40493774414062,
            0.0
          ],
          [
            25.21898078918457,
            98.46411895751953,
            0.0
          ],
          [
            27.218103408813477,
            98.5232925415039,
            0.0
          ],
          [
            29.217226028442383,
            98.58247375488281,
            0.0
          ],
          [
            31.21635627746582,
            98.64164733886719,
            0.0
          ],
          [
            33.215476989746094,
            98.70082092285156,
            0.0
          ],
          [
            35.214599609375,
            98.76000213623047,
            0.0
          ],
          [
            37.213722229003906,
            98.81917572021484,
            0.0
          ],
          [
            39.21284484863281,
            98.87835693359375,
            0.0
          ],
          [
            41.21197509765625,
            98.93753051757812,
            0.0
          ],
          [
            43.211097717285156,
            98.9967041015625,
            0.0
          ],
          [
            45.21022033691406,
            99.0558853149414,
            0.0
          ],
          [
            47.209346771240234,
            99.11505889892578,
            0.0
          ],
          [
            49.20846939086914,
            99.17424011230469,
            0.0
          ],
          [
            51.20759582519531,
            99.23341369628906,
            0.0
          ],
          [
            53.20671844482422,
            99.29258728027344,
            0.0
          ],
          [
            55.20584487915039,
            99.35176849365234,
            0.0
          ],
          [
            57.2049674987793,
            99.41094207763672,
            0.0
          ],
          [
            59.2040901184082,
            99.47012329101562,
            0.0
          ],
          [
            61.203216552734375,
            99.529296875,
            0.0
          ],
          [
            63.20233917236328,
            99.58847045898438,
            0.0
          ],
          [
            65.20146942138672,
            99.64765167236328,
            0.0
          ],
          [
            67.2005844116211,
            99.70682525634766,
            0.0
          ],
          [
            69.19971466064453,
            99.76600646972656,
            0.0
          ],
          [
            71.19883728027344,
            99.82518005371094,
            0.0
          ],
          [
            73.19795989990234,
            99.88435363769531,
            0.0
          ],
          [
            75.19709014892578,
            99.94353485107422,
            0.0
          ],
          [
            77.19620513916016,
            100.0027084350586,
            0.0
          ],
          [
            79.1953353881836,
            100.0618896484375,
            0.0
          ],
          [
            81.1944580078125,
            100.12106323242188,
            0.0
          ],
          [
            83.1935806274414,
            100.18023681640625,
            0.0
          ],
          [
            85.19271087646484,
            100.23941802978516,
            0.0
          ],
          [
            87.19183349609375,
            100.29859161376953,
            0.0
          ],
          [
            89.19095611572266,
            100.35777282714844,
            0.0
          ],
          [
            91.19007873535156,
            100.41694641113281,
            0.0
          ],
          [
            93.18920135498047,
            100.47611999511719,
            0.0
          ],
          [
            95.1883316040039,
            100.5353012084961,
            0.0
          ],
          [
            97.18745422363281,
            100.59447479248047,
            0.0
          ],
          [
            99.18657684326172,
            100.65365600585938,
            0.0
          ],
          [
            101.18570709228516,
            100.71282958984375,
            0.0
          ],
          [
            103.18482971191406,
            100.77200317382812,
            0.0
          ],
          [
            105.18395233154297,
            100.83118438720703,
            0.0
          ],
          [
            107.18307495117188,
            100.8903579711914,
            0.0
          ],
          [
            109.18219757080078,
            100.94953918457031,
            0.0
          ],
          [
            111.18132019042969,
            101.00871276855469,
            0.0
          ],
          [
            120.32524497553987,
            99.4004582818949,
            0.1048696948991559
          ]
        ]
      },
      "properties": {
        "from_junction": 122,
        "to_junction": 814,
        "length_m": 171.47
      }
    },
    {
      "type": "Feature",
      "geometry": {
        "type": "LineString",
        "coordinates": [
          [
            260.1549535898062,
            192.4271756685697,
            0.19365920298374617
          ],
          [
            269.06475830078125,
            196.3303985595703,
            0.2344970703125
          ],
          [
            271.0633544921875,
            196.4056396484375,
            0.2344970703125
          ],
          [
            273.0619201660156,
            196.4808807373047,
            0.2344970703125
          ],
          [
            275.0605163574219,
            196.55613708496094,
            0.2344970703125
          ],
          [
            277.05908203125,
            196.63137817382812,
            0.2344970703125
          ],
          [
            279.05767822265625,
            196.7066192626953,
            0.2344970703125
          ],
          [
            281.0562744140625,
            196.7818603515625,
            0.2344970703125
          ],
          [
            283.0548400878906,
            196.8571014404297,
            0.2344970703125
          ],
          [
            285.0534362792969,
            196.93234252929688,
            0.2344970703125
          ],
          [
            287.052001953125,
            197.00759887695312,
            0.2344970703125
          ],
          [
            289.05059814453125,
            197.0828399658203,
            0.2344970703125
          ],
          [
            291.0491943359375,
            197.1580810546875,
            0.2344970703125
          ],
          [
            293.0477600097656,
            197.2333221435547,
            0.2344970703125
          ],
          [
            295.0463562011719,
            197.30856323242188,
            0.2344970703125
          ],
          [
            297.044921875,
            197.38380432128906,
            0.2344970703125
          ],
          [
            299.04351806640625,
            197.4590606689453,
            0.2344970703125
          ],
          [
            301.0421142578125,
            197.5343017578125,
            0.2344970703125
          ],
          [
            303.0406799316406,
            197.6095428466797,
            0.2344970703125
          ],
          [
            305.0392761230469,
            197.68478393554688,
            0.2344970703125
          ],
          [
            307.0378723144531,
            197.76002502441406,
            0.2344970703125
          ],
          [
            309.03643798828125,
            197.8352813720703,
            0.2344970703125
          ],
          [
            311.0350341796875,
            197.9105224609375,
            0.2344970703125
          ],
          [
            313.0335998535156,
            197.9857635498047,
            0.2344970703125
          ],
          [
            315.0321960449219,
            198.06100463867188,
            0.2344970703125
          ],
          [
            317.0307922363281,
            198.13624572753906,
            0.2344970703125
          ],
          [
            319.02935791015625,
            198.21148681640625,
            0.2344970703125
          ],
          [
            321.0279541015625,
            198.2867431640625,
            0.2344970703125
          ],
          [
            323.0265197753906,
            198.3619842529297,
            0.2344970703125
          ],
          [
            325.0251159667969,
            198.43722534179688,
            0.2344970703125
          ],
          [
            327.0237121582031,
            198.51246643066406,
            0.2344970703125
          ],
          [
            329.02227783203125,
            198.58770751953125,
            0.2344970703125
          ],
          [
            331.0208740234375,
            198.66294860839844,
            0.2344970703125
          ],
          [
            333.0194396972656,
            198.7382049560547,
            0.2344970703125
          ],
          [
            335.0180358886719,
            198.81344604492188,
            0.2344970703125
          ],
          [
            337.0166320800781,
            198.88868713378906,
            0.2344970703125
          ],
          [
            339.01519775390625,
            198.96392822265625,
            0.2344970703125
          ],
          [
            341.0137939453125,
            199.03916931152344,
            0.2344970703125
          ],
          [
            343.0123596191406,
            199.1144256591797,
            0.2344970703125
          ],
          [
            345.0109558105469,
            199.18966674804688,
            0.2344970703125
          ],
          [
            347.0095520019531,
            199.26490783691406,
            0.2344970703125
          ],
          [
            349.00811767578125,
            199.34014892578125,
            0.2344970703125
          ],
          [
            351.0067138671875,
            199.41539001464844,
            0.2344970703125
          ],
          [
            353.0052795410156,
            199.49063110351562,
            0.2344970703125
          ],
          [
            355.0038757324219,
            199.56588745117188,
            0.2344970703125
          ],
          [
            357.0024719238281,
            199.64112854003906,
            0.2344970703125
          ],
          [
            359.00103759765625,
            199.7163543701172,
            0.2344970703125
          ],
          [
            364.79039091222427,
            194.96516597972197,
            0.16776523519964778
          ]
        ]
      },
      "properties": {
        "from_junction": 418,
        "to_junction": 407,
        "length_m": 107.22
      }
    },
    {
      "type": "Feature",
      "geometry": {
        "type": "LineString",
        "coordinates": [
          [
            120.32145940340482,
            -118.21405542813815,
            0.12126763064700824
          ],
          [
            118.55471801757812,
            -110.99388885498047,
            0.209716796875
          ],
          [
            118.55303192138672,
            -108.99388885498047,
            0.209716796875
          ],
          [
            118.55134582519531,
            -106.99388885498047,
            0.209716796875
          ],
          [
            118.54966735839844,
            -104.99388885498047,
            0.209716796875
          ],
          [
            118.54798126220703,
            -102.99388885498047,
            0.209716796875
          ],
          [
            118.54629516601562,
            -100.99388885498047,
            0.209716796875
          ],
          [
            118.54460906982422,
            -98.99388885498047,
            0.209716796875
          ],
          [
            118.54292297363281,
            -96.993896484375,
            0.209716796875
          ],
          [
            118.5412368774414,
            -94.993896484375,
            0.209716796875
          ],
          [
            118.53955841064453,
            -92.993896484375,
            0.209716796875
          ],
          [
            118.53787231445312,
            -90.993896484375,
            0.209716796875
          ],
          [
            118.53618621826172,
            -88.993896484375,
            0.209716796875
          ],
          [
            118.53450012207031,
            -86.993896484375,
            0.209716796875
          ],
          [
            118.5328140258789,
            -84.993896484375,
            0.209716796875
          ],
          [
            118.5311279296875,
            -82.993896484375,
            0.209716796875
          ],
          [
            118.52944946289062,
            -80.99390411376953,
            0.209716796875
          ],
          [
            118.52776336669922,
            -78.99390411376953,
            0.209716796875
          ],
          [
            118.52607727050781,
            -76.99390411376953,
            0.209716796875
          ],
          [
            118.5243911743164,
            -74.99390411376953,
            0.209716796875
          ],
          [
            118.522705078125,
            -72.99390411376953,
            0.209716796875
          ],
          [
            118.5210189819336,
            -70.99390411376953,
            0.209716796875
          ],
          [
            118.51934051513672,
            -68.99390411376953,
            0.209716796875
          ],
          [
            118.51765441894531,
            -66.99390411376953,
            0.209716796875
          ],
          [
            120.32383463932918,
            -59.73816772607657,
            0.21832099843483704
          ]
        ]
      },
      "properties": {
        "from_junction": 936,
        "to_junction": 356,
        "length_m": 58.91
      }
    },
    {
      "type": "Feature",
      "geometry": {
        "type": "LineString",
        "coordinates": [
          [
            266.303850569815,
            104.08730647249043,
            0.04882840990673153
          ],
          [
            263.8860778808594,
            113.08618927001953,
            0.09649658203125
          ],
          [
            263.7431335449219,
            115.08106994628906,
            0.09649658203125
          ],
          [
            263.6002197265625,
            117.07595825195312,
            0.09649658203125
          ],
          [
            263.457275390625,
            119.07084655761719,
            0.09649658203125
          ],
          [
            263.3143615722656,
            121.06573486328125,
            0.09649658203125
          ],
          [
            263.17144775390625,
            123.06062316894531,
            0.09649658203125
          ],
          [
            263.02850341796875,
            125.05551147460938,
            0.09649658203125
          ],
          [
            262.8855895996094,
            127.0503921508789,
            0.09649658203125
          ],
          [
            262.74267578125,
            129.0452880859375,
            0.09649658203125
          ],
          [
            262.5997314453125,
            131.0401611328125,
            0.09649658203125
          ],
          [
            262.4568176269531,
            133.03504943847656,
            0.09649658203125
          ],
          [
            262.31390380859375,
            135.02993774414062,
            0.09649658203125
          ],
          [
            262.17095947265625,
            137.0248260498047,
            0.09649658203125
          ],
          [
            262.0280456542969,
            139.01971435546875,
            0.09649658203125
          ],
          [
            261.8851318359375,
            141.0146026611328,
            0.09649658203125
          ],
          [
            261.7421875,
            143.00949096679688,
            0.09649658203125
          ],
          [
            261.5992736816406,
            145.00436401367188,
            0.09649658203125
          ],
          [
            261.4563293457031,
            146.999267578125,
            0.09649658203125
          ],
          [
            261.31341552734375,
            148.994140625,
            0.09649658203125
          ],
          [
            261.1705017089844,
            150.98902893066406,
            0.09649658203125
          ],
          [
            261.0275573730469,
            152.98391723632812,
            0.09649658203125
          ],
          [
            260.8846435546875,
            154.9788055419922,
            0.09649658203125
          ],
          [
            260.7417297363281,
            156.97369384765625,
            0.09649658203125
          ],
          [
            260.5987854003906,
            158.9685821533203,
            0.09649658203125
          ],
          [
            260.45587158203125,
            160.96347045898438,
            0.09649658203125
          ],
          [
            260.3129577636719,
            162.95834350585938,
            0.09649658203125
          ],
          [
            260.1700134277344,
            164.95323181152344,
            0.09649658203125
          ],
          [
            260.027099609375,
            166.9481201171875,
            0.09649658203125
          ],
          [
            259.8841857910156,
            168.94300842285156,
            0.09649658203125
          ],
          [
            259.7412414550781,
            170.93789672851562,
            0.09649658203125
          ],
          [
            259.59832763671875,
            172.9327850341797,
            0.09649658203125
          ],
          [
            259.4554138183594,
            174.92767333984375,
            0.09649658203125
          ],
          [
            259.3124694824219,
            176.9225616455078,
            0.09649658203125
          ],
          [
            259.1695556640625,
            178.91744995117188,
            0.09649658203125
          ],
          [
            259.026611328125,
            180.91232299804688,
            0.09649658203125
          ],
          [
            258.8836975097656,
            182.90721130371094,
            0.09649658203125
          ],
          [
            258.74078369140625,
            184.902099609375,
            0.09649658203125
          ],
          [
            260.1549535898062,
            192.4271756685697,
            0.19365920298374617
          ]
        ]
      },
      "properties": {
        "from_junction": 529,
        "to_junction": 418,
        "length_m": 88.97
      }
    },
    {
      "type": "Feature",
      "geometry": {
        "type": "LineString",
        "coordinates": [
          [
            363.3266501793495,
            32.30176368126502,
            0.1394029249652074
          ],
          [
            366.98272705078125,
            23.027162551879883,
            0.09783935546875
          ],
          [
            366.9478454589844,
            21.0274658203125,
            0.09783935546875
          ],
          [
            366.9129943847656,
            19.02777099609375,
            0.09783935546875
          ],
          [
            366.87811279296875,
            17.028074264526367,
            0.09783935546875
          ],
          [
            366.84326171875,
            15.0283784866333,
            0.09783935546875
          ],
          [
            366.8083801269531,
            13.028682708740234,
            0.09783935546875
          ],
          [
            366.7735290527344,
            11.028985977172852,
            0.09783935546875
          ],
          [
            366.7386474609375,
            9.029290199279785,
            0.09783935546875
          ],
          [
            366.70379638671875,
            7.029594898223877,
            0.09783935546875
          ],
          [
            366.6689147949219,
            5.029898166656494,
            0.09783935546875
          ],
          [
            366.634033203125,
            3.030203104019165,
            0.09783935546875
          ],
          [
            366.59918212890625,
            1.0305063724517822,
            0.09783935546875
          ],
          [
            366.5643005371094,
            -0.9691903591156006,
            0.09783935546875
          ],
          [
            366.5294494628906,
            -2.9688851833343506,
            0.09783935546875
          ],
          [
            366.49456787109375,
            -4.968581676483154,
            0.09783935546875
          ],
          [
            366.459716796875,
            -6.968276500701904,
            0.09783935546875
          ],
          [
            366.4248352050781,
            -8.967973709106445,
            0.09783935546875
          ],
          [
            366.38995361328125,
            -10.967668533325195,
            0.09783935546875
          ],
          [
            366.3551025390625,
            -12.967367172241211,
            0.09783935546875
          ],
          [
            366.3202209472656,
            -14.967061996459961,
            0.09783935546875
          ],
          [
            366.2853698730469,
            -16.96675682067871,
            0.09783935546875
          ],
          [
            366.25048828125,
            -18.966455459594727,
            0.09783935546875
          ],
          [
            366.21563720703125,
            -20.966150283813477,
            0.09783935546875
          ],
          [
            366.1807556152344,
            -22.965845108032227,
            0.09783935546875
          ],
          [
            366.1459045410156,
            -24.965543746948242,
            0.09783935546875
          ],
          [
            366.11102294921875,
            -26.965238571166992,
            0.09783935546875
          ],
          [
            366.0761413574219,
            -28.964933395385742,
            0.09783935546875
          ],
          [
            366.0412902832031,
            -30.964632034301758,
            0.09783935546875
          ],
          [
            366.00640869140625,
            -32.964324951171875,
            0.09783935546875
          ],
          [
            365.9715576171875,
            -34.964019775390625,
            0.09783935546875
          ],
          [
            365.9366760253906,
            -36.963714599609375,
            0.09783935546875
          ],
          [
            365.9018249511719,
            -38.963417053222656,
            0.09783935546875
          ],
          [
            365.866943359375,
            -40.963111877441406,
            0.09783935546875
          ],
          [
            365.8320617675781,
            -42.962806701660156,
            0.09783935546875
          ],
          [
            365.7972106933594,
            -44.962501525878906,
            0.09783935546875
          ],
          [
            365.7623291015625,
            -46.96220016479492,
            0.09783935546875
          ],
          [
            362.04527576153095,
            -55.537889627309944,
            0.13607510050328878
          ]
        ]
      },
      "properties": {
        "from_junction": 723,
        "to_junction": 916,
        "length_m": 89.32
      }
    },
    {
      "type": "Feature",
      "geometry": {
        "type": "LineString",
        "coordinates": [
          [
            120.32145940340482,
            -118.21405542813815,
            0.12126763064700824
          ],
          [
            111.30471801757812,
            -121.75,
            0.084442138671875
          ],
          [
            109.30471801757812,
            -121.75,
            0.084442138671875
          ],
          [
            107.30471801757812,
            -121.75,
            0.084442138671875
          ],
          [
            105.30471801757812,
            -121.75,
            0.084442138671875
          ],
          [
            103.30471801757812,
            -121.75,
            0.084442138671875
          ],
          [
            101.30471801757812,
            -121.75,
            0.084442138671875
          ],
          [
            99.30471801757812,
            -121.75,
            0.084442138671875
          ],
          [
            97.30471801757812,
            -121.75,
            0.084442138671875
          ],
          [
            95.30471801757812,
            -121.75,
            0.084442138671875
          ],
          [
            93.30471801757812,
            -121.75,
            0.084442138671875
          ],
          [
            91.30471801757812,
            -121.75,
            0.084442138671875
          ],
          [
            89.30471801757812,
            -121.75,
            0.084442138671875
          ],
          [
            87.30471801757812,
            -121.75,
            0.084442138671875
          ],
          [
            85.30471801757812,
            -121.75,
            0.084442138671875
          ],
          [
            83.30471801757812,
            -121.75,
            0.084442138671875
          ],
          [
            81.30471801757812,
            -121.75,
            0.084442138671875
          ],
          [
            79.30471801757812,
            -121.75,
            0.084442138671875
          ],
          [
            77.30471801757812,
            -121.75,
            0.084442138671875
          ],
          [
            75.30471801757812,
            -121.75,
            0.084442138671875
          ],
          [
            73.30471801757812,
            -121.75,
            0.084442138671875
          ],
          [
            71.30471801757812,
            -121.75,
            0.084442138671875
          ],
          [
            69.30471801757812,
            -121.75,
            0.084442138671875
          ],
          [
            67.30471801757812,
            -121.75,
            0.084442138671875
          ],
          [
            65.30471801757812,
            -121.75,
            0.084442138671875
          ],
          [
            63.304718017578125,
            -121.75,
            0.084442138671875
          ],
          [
            61.304718017578125,
            -121.75,
            0.084442138671875
          ],
          [
            59.304718017578125,
            -121.75,
            0.084442138671875
          ],
          [
            57.304718017578125,
            -121.75,
            0.084442138671875
          ],
          [
            55.304718017578125,
            -121.75,
            0.084442138671875
          ],
          [
            53.304718017578125,
            -121.75,
            0.084442138671875
          ],
          [
            51.304718017578125,
            -121.75,
            0.084442138671875
          ],
          [
            49.304718017578125,
            -121.75,
            0.084442138671875
          ],
          [
            47.304718017578125,
            -121.75,
            0.084442138671875
          ],
          [
            45.304718017578125,
            -121.75,
            0.084442138671875
          ],
          [
            43.304718017578125,
            -121.75,
            0.084442138671875
          ],
          [
            41.304718017578125,
            -121.75,
            0.084442138671875
          ],
          [
            39.304718017578125,
            -121.75,
            0.084442138671875
          ],
          [
            37.304718017578125,
            -121.75,
            0.084442138671875
          ],
          [
            35.304718017578125,
            -121.75,
            0.084442138671875
          ],
          [
            33.304718017578125,
            -121.75,
            0.084442138671875
          ],
          [
            31.304718017578125,
            -121.75,
            0.084442138671875
          ],
          [
            29.304718017578125,
            -121.75,
            0.084442138671875
          ],
          [
            27.304718017578125,
            -121.75,
            0.084442138671875
          ],
          [
            25.304718017578125,
            -121.75,
            0.084442138671875
          ],
          [
            23.304718017578125,
            -121.75,
            0.084442138671875
          ],
          [
            21.304718017578125,
            -121.75,
            0.084442138671875
          ],
          [
            19.304718017578125,
            -121.75,
            0.084442138671875
          ],
          [
            17.304718017578125,
            -121.75,
            0.084442138671875
          ],
          [
            15.304718017578125,
            -121.75,
            0.084442138671875
          ],
          [
            13.304718017578125,
            -121.75,
            0.084442138671875
          ],
          [
            11.304718017578125,
            -121.75,
            0.084442138671875
          ],
          [
            9.304718017578125,
            -121.75,
            0.084442138671875
          ],
          [
            7.304718017578125,
            -121.75,
            0.084442138671875
          ],
          [
            5.304718017578125,
            -121.75,
            0.084442138671875
          ],
          [
            3.304718255996704,
            -121.75,
            0.084442138671875
          ],
          [
            1.3047181367874146,
            -121.75,
            0.084442138671875
          ],
          [
            -0.6952818036079407,
            -121.75,
            0.084442138671875
          ],
          [
            -2.695281744003296,
            -121.75,
            0.084442138671875
          ],
          [
            -4.695281982421875,
            -121.75,
            0.084442138671875
          ],
          [
            -6.695281982421875,
            -121.75,
            0.084442138671875
          ],
          [
            -8.695281982421875,
            -121.75,
            0.084442138671875
          ],
          [
            -10.695281982421875,
            -121.75,
            0.084442138671875
          ],
          [
            -12.695281982421875,
            -121.75,
            0.084442138671875
          ],
          [
            -14.695281982421875,
            -121.75,
            0.084442138671875
          ],
          [
            -16.695281982421875,
            -121.75,
            0.084442138671875
          ],
          [
            -18.695281982421875,
            -121.75,
            0.084442138671875
          ],
          [
            -20.695281982421875,
            -121.75,
            0.084442138671875
          ],
          [
            -22.695281982421875,
            -121.75,
            0.084442138671875
          ],
          [
            -24.695281982421875,
            -121.75,
            0.084442138671875
          ],
          [
            -26.695281982421875,
            -121.75,
            0.084442138671875
          ],
          [
            -28.695281982421875,
            -121.75,
            0.084442138671875
          ],
          [
            -30.695281982421875,
            -121.75,
            0.084442138671875
          ],
          [
            -32.695281982421875,
            -121.75,
            0.084442138671875
          ],
          [
            -34.695281982421875,
            -121.75,
            0.084442138671875
          ],
          [
            -36.695281982421875,
            -121.75,
            0.084442138671875
          ],
          [
            -38.695281982421875,
            -121.75,
            0.084442138671875
          ],
          [
            -40.695281982421875,
            -121.75,
            0.084442138671875
          ],
          [
            -42.695281982421875,
            -121.75,
            0.084442138671875
          ],
          [
            -44.695281982421875,
            -121.75,
            0.084442138671875
          ],
          [
            -46.695281982421875,
            -121.75,
            0.084442138671875
          ],
          [
            -48.695281982421875,
            -121.75,
            0.084442138671875
          ],
          [
            -50.695281982421875,
            -121.75,
            0.084442138671875
          ],
          [
            -52.695281982421875,
            -121.75,
            0.084442138671875
          ],
          [
            -54.695281982421875,
            -121.75,
            0.084442138671875
          ],
          [
            -56.695281982421875,
            -121.75,
            0.084442138671875
          ],
          [
            -58.69528579711914,
            -121.75,
            0.084442138671875
          ],
          [
            -67.13292075103183,
            -117.99877699366155,
            0.12094494644201027
          ]
        ]
      },
      "properties": {
        "from_junction": 936,
        "to_junction": 509,
        "length_m": 188.92
      }
    },
    {
      "type": "Feature",
      "geometry": {
        "type": "LineString",
        "coordinates": [
          [
            -292.58800551470586,
            -116.59665769689224,
            0.09410588750067879
          ],
          [
            -297.2171630859375,
            -110.16297912597656,
            0.103546142578125
          ],
          [
            -297.0614318847656,
            -108.16905212402344,
            0.103546142578125
          ],
          [
            -296.90570068359375,
            -106.17512512207031,
            0.103546142578125
          ],
          [
            -296.7499694824219,
            -104.18119812011719,
            0.103546142578125
          ],
          [
            -296.59423828125,
            -102.18727111816406,
            0.103546142578125
          ],
          [
            -296.43853759765625,
            -100.1933364868164,
            0.103546142578125
          ],
          [
            -296.2828063964844,
            -98.19940948486328,
            0.103546142578125
          ],
          [
            -296.1270751953125,
            -96.20548248291016,
            0.103546142578125
          ],
          [
            -295.9713439941406,
            -94.21155548095703,
            0.103546142578125
          ],
          [
            -295.8156433105469,
            -92.21762084960938,
            0.103546142578125
          ],
          [
            -295.659912109375,
            -90.22369384765625,
            0.103546142578125
          ],
          [
            -295.5041809082031,
            -88.22976684570312,
            0.103546142578125
          ],
          [
            -295.34844970703125,
            -86.23583984375,
            0.103546142578125
          ],
          [
            -295.1927490234375,
            -84.24191284179688,
            0.103546142578125
          ],
          [
            -295.0370178222656,
            -82.24798583984375,
            0.103546142578125
          ],
          [
            -294.88128662109375,
            -80.25405883789062,
            0.103546142578125
          ],
          [
            -294.7255554199219,
            -78.26012420654297,
            0.103546142578125
          ],
          [
            -294.56982421875,
            -76.26619720458984,
            0.103546142578125
          ],
          [
            -294.41412353515625,
            -74.27227020263672,
            0.103546142578125
          ],
          [
            -289.69268338185435,
            -65.8685553208837,
            0.145299069021108
          ]
        ]
      },
      "properties": {
        "from_junction": 203,
        "to_junction": 51,
        "length_m": 53.57
      }
    },
    {
      "type": "Feature",
      "geometry": {
        "type": "LineString",
        "coordinates": [
          [
            -67.13292075103183,
            -117.99877699366155,
            0.12094494644201027
          ],
          [
            -68.85567474365234,
            -110.14310455322266,
            0.201416015625
          ],
          [
            -68.69625091552734,
            -108.14946746826172,
            0.201416015625
          ],
          [
            -68.53682708740234,
            -106.15583038330078,
            0.201416015625
          ],
          [
            -68.37741088867188,
            -104.16219329833984,
            0.201416015625
          ],
          [
            -68.21798706054688,
            -102.16856384277344,
            0.201416015625
          ],
          [
            -68.05856323242188,
            -100.1749267578125,
            0.201416015625
          ],
          [
            -67.89913940429688,
            -98.18128967285156,
            0.201416015625
          ],
          [
            -67.7397232055664,
            -96.18765258789062,
            0.201416015625
          ],
          [
            -67.5802993774414,
            -94.19401550292969,
            0.201416015625
          ],
          [
            -67.4208755493164,
            -92.20037841796875,
            0.201416015625
          ],
          [
            -67.2614517211914,
            -90.20674133300781,
            0.201416015625
          ],
          [
            -67.1020278930664,
            -88.21310424804688,
            0.201416015625
          ],
          [
            -66.94261169433594,
            -86.21947479248047,
            0.201416015625
          ],
          [
            -66.78318786621094,
            -84.22583770751953,
            0.201416015625
          ],
          [
            -66.62376403808594,
            -82.2322006225586,
            0.201416015625
          ],
          [
            -66.46434020996094,
            -80.23856353759766,
            0.201416015625
          ],
          [
            -66.30492401123047,
            -78.24492645263672,
            0.201416015625
          ],
          [
            -66.14550018310547,
            -76.25129699707031,
            0.201416015625
          ],
          [
            -65.98607635498047,
            -74.25765991210938,
            0.201416015625
          ],
          [
            -65.82665252685547,
            -72.26402282714844,
            0.201416015625
          ],
          [
            -63.13028134432706,
            -63.01999407681552,
            0.21416838060725818
          ]
        ]
      },
      "properties": {
        "from_junction": 509,
        "to_junction": 458,
        "length_m": 55.67
      }
    },
    {
      "type": "Feature",
      "geometry": {
        "type": "LineString",
        "coordinates": [
          [
            -161.309012646945,
            175.97659762400502,
            0.2175658997499718
          ],
          [
            -159.244873046875,
            167.96849060058594,
            0.18621826171875
          ],
          [
            -159.44512939453125,
            165.9785614013672,
            0.18621826171875
          ],
          [
            -159.64537048339844,
            163.9886016845703,
            0.18621826171875
          ],
          [
            -159.8456268310547,
            161.9986572265625,
            0.18621826171875
          ],
          [
            -160.04588317871094,
            160.00869750976562,
            0.18621826171875
          ],
          [
            -160.2461395263672,
            158.0187530517578,
            0.18621826171875
          ],
          [
            -160.44639587402344,
            156.02880859375,
            0.18621826171875
          ],
          [
            -160.6466522216797,
            154.03884887695312,
            0.18621826171875
          ],
          [
            -160.84689331054688,
            152.0489044189453,
            0.18621826171875
          ],
          [
            -161.04714965820312,
            150.0589599609375,
            0.18621826171875
          ],
          [
            -161.24740600585938,
            148.0690155029297,
            0.18621826171875
          ],
          [
            -161.44766235351562,
            146.0790557861328,
            0.18621826171875
          ],
          [
            -161.64791870117188,
            144.089111328125,
            0.18621826171875
          ],
          [
            -161.84815979003906,
            142.0991668701172,
            0.18621826171875
          ],
          [
            -162.0484161376953,
            140.1092071533203,
            0.18621826171875
          ],
          [
            -162.24867248535156,
            138.1192626953125,
            0.18621826171875
          ],
          [
            -162.4489288330078,
            136.1293182373047,
            0.18621826171875
          ],
          [
            -162.64918518066406,
            134.1393585205078,
            0.18621826171875
          ],
          [
            -162.8494415283203,
            132.1494140625,
            0.18621826171875
          ],
          [
            -163.0496826171875,
            130.1594696044922,
            0.18621826171875
          ],
          [
            -163.24993896484375,
            128.1695098876953,
            0.18621826171875
          ],
          [
            -163.4501953125,
            126.17955780029297,
            0.18621826171875
          ],
          [
            -163.65045166015625,
            124.18960571289062,
            0.18621826171875
          ],
          [
            -163.8507080078125,
            122.19965362548828,
            0.18621826171875
          ],
          [
            -164.0509490966797,
            120.20970916748047,
            0.18621826171875
          ],
          [
            -164.25120544433594,
            118.21975708007812,
            0.18621826171875
          ],
          [
            -164.4514617919922,
            116.22980499267578,
            0.18621826171875
          ],
          [
            -164.65171813964844,
            114.23986053466797,
            0.18621826171875
          ],
          [
            -164.8519744873047,
            112.24990844726562,
            0.18621826171875
          ],
          [
            -165.05223083496094,
            110.25996398925781,
            0.18621826171875
          ],
          [
            -165.25247192382812,
            108.27001190185547,
            0.18621826171875
          ],
          [
            -165.45272827148438,
            106.28005981445312,
            0.18621826171875
          ],
          [
            -165.65298461914062,
            104.29011535644531,
            0.18621826171875
          ],
          [
            -165.85324096679688,
            102.30016326904297,
            0.18621826171875
          ],
          [
            -166.01869201660156,
            100.44269561767578,
            0.18621826171875
          ],
          [
            -168.5486543589625,
            90.87267178502576,
            0.09314316830167282
          ]
        ]
      },
      "properties": {
        "from_junction": 956,
        "to_junction": 652,
        "length_m": 86.03
      }
    },
    {
      "type": "Feature",
      "geometry": {
        "type": "LineString",
        "coordinates": [
          [
            -184.36903715970223,
            -65.00474488107781,
            0.2065669249808579
          ],
          [
            -174.33673095703125,
            -62.91133499145508,
            0.2269287109375
          ],
          [
            -172.3370361328125,
            -62.87656021118164,
            0.2269287109375
          ],
          [
            -170.33734130859375,
            -62.8417854309082,
            0.2269287109375
          ],
          [
            -168.337646484375,
            -62.807010650634766,
            0.2269287109375
          ],
          [
            -166.3379364013672,
            -62.77223587036133,
            0.2269287109375
          ],
          [
            -164.33824157714844,
            -62.73746109008789,
            0.2269287109375
          ],
          [
            -162.33853149414062,
            -62.70268630981445,
            0.2269287109375
          ],
          [
            -160.33883666992188,
            -62.667903900146484,
            0.2269287109375
          ],
          [
            -158.33914184570312,
            -62.63312911987305,
            0.2269287109375
          ],
          [
            -156.33944702148438,
            -62.59835433959961,
            0.2269287109375
          ],
          [
            -154.33975219726562,
            -62.56357955932617,
            0.2269287109375
          ],
          [
            -152.34005737304688,
            -62.528804779052734,
            0.2269287109375
          ],
          [
            -150.34036254882812,
            -62.4940299987793,
            0.2269287109375
          ],
          [
            -148.34066772460938,
            -62.45925521850586,
            0.2269287109375
          ],
          [
            -146.34095764160156,
            -62.42448043823242,
            0.2269287109375
          ],
          [
            -144.3412628173828,
            -62.38969802856445,
            0.2269287109375
          ],
          [
            -142.34156799316406,
            -62.354923248291016,
            0.2269287109375
          ],
          [
            -140.34185791015625,
            -62.32014846801758,
            0.2269287109375
          ],
          [
            -138.3421630859375,
            -62.28537368774414,
            0.2269287109375
          ],
          [
            -136.34246826171875,
            -62.2505989074707,
            0.2269287109375
          ],
          [
            -134.3427734375,
            -62.215824127197266,
            0.2269287109375
          ],
          [
            -132.34307861328125,
            -62.18104553222656,
            0.2269287109375
          ],
          [
            -130.3433837890625,
            -62.146270751953125,
            0.2269287109375
          ],
          [
            -128.34368896484375,
            -62.11149597167969,
            0.2269287109375
          ],
          [
            -126.34398651123047,
            -62.076717376708984,
            0.2269287109375
          ],
          [
            -124.34428405761719,
            -62.04194259643555,
            0.2269287109375
          ],
          [
            -122.34458923339844,
            -62.00716781616211,
            0.2269287109375
          ],
          [
            -120.34489440917969,
            -61.97239303588867,
            0.2269287109375
          ],
          [
            -118.34519958496094,
            -61.93761444091797,
            0.2269287109375
          ],
          [
            -116.34549713134766,
            -61.90283966064453,
            0.2269287109375
          ],
          [
            -114.34579467773438,
            -61.868064880371094,
            0.2269287109375
          ],
          [
            -112.34609985351562,
            -61.833290100097656,
            0.2269287109375
          ],
          [
            -110.34640502929688,
            -61.79851150512695,
            0.2269287109375
          ],
          [
            -108.34671020507812,
            -61.763736724853516,
            0.2269287109375
          ],
          [
            -106.34700775146484,
            -61.72896194458008,
            0.2269287109375
          ],
          [
            -104.3473129272461,
            -61.69418716430664,
            0.2269287109375
          ],
          [
            -102.34761047363281,
            -61.65940856933594,
            0.2269287109375
          ],
          [
            -100.34791564941406,
            -61.6246337890625,
            0.2269287109375
          ],
          [
            -98.34822082519531,
            -61.58985900878906,
            0.2269287109375
          ],
          [
            -96.34851837158203,
            -61.555084228515625,
            0.2269287109375
          ],
          [
            -94.34882354736328,
            -61.52030563354492,
            0.2269287109375
          ],
          [
            -92.34912109375,
            -61.485530853271484,
            0.2269287109375
          ],
          [
            -90.34942626953125,
            -61.45075607299805,
            0.2269287109375
          ],
          [
            -88.3497314453125,
            -61.41598129272461,
            0.2269287109375
          ],
          [
            -86.35002899169922,
            -61.381202697753906,
            0.2269287109375
          ],
          [
            -84.35033416748047,
            -61.34642791748047,
            0.2269287109375
          ],
          [
            -82.35063934326172,
            -61.31165313720703,
            0.2269287109375
          ],
          [
            -80.35093688964844,
            -61.276878356933594,
            0.2269287109375
          ],
          [
            -78.35124206542969,
            -61.24209976196289,
            0.2269287109375
          ],
          [
            -76.35154724121094,
            -61.20732498168945,
            0.2269287109375
          ],
          [
            -74.35184478759766,
            -61.172550201416016,
            0.2269287109375
          ],
          [
            -72.3521499633789,
            -61.13777542114258,
            0.2269287109375
          ],
          [
            -63.13028134432706,
            -63.01999407681552,
            0.21416838060725818
          ]
        ]
      },
      "properties": {
        "from_junction": 71,
        "to_junction": 458,
        "length_m": 121.66
      }
    },
    {
      "type": "Feature",
      "geometry": {
        "type": "LineString",
        "coordinates": [
          [
            -67.13292075103183,
            -117.99877699366155,
            0.12094494644201027
          ],
          [
            -76.19734191894531,
            -121.75,
            0.084442138671875
          ],
          [
            -78.19734191894531,
            -121.75,
            0.084442138671875
          ],
          [
            -80.19734191894531,
            -121.75,
            0.084442138671875
          ],
          [
            -82.19734191894531,
            -121.75,
            0.084442138671875
          ],
          [
            -84.19734191894531,
            -121.75,
            0.084442138671875
          ],
          [
            -86.19734191894531,
            -121.75,
            0.084442138671875
          ],
          [
            -88.19734191894531,
            -121.75,
            0.084442138671875
          ],
          [
            -90.19734191894531,
            -121.75,
            0.084442138671875
          ],
          [
            -92.19734191894531,
            -121.75,
            0.084442138671875
          ],
          [
            -94.19734191894531,
            -121.75,
            0.084442138671875
          ],
          [
            -96.19734191894531,
            -121.75,
            0.084442138671875
          ],
          [
            -98.19734191894531,
            -121.75,
            0.084442138671875
          ],
          [
            -100.19734191894531,
            -121.75,
            0.084442138671875
          ],
          [
            -102.19734191894531,
            -121.75,
            0.084442138671875
          ],
          [
            -104.19734191894531,
            -121.75,
            0.084442138671875
          ],
          [
            -106.19734191894531,
            -121.75,
            0.084442138671875
          ],
          [
            -108.19734191894531,
            -121.75,
            0.084442138671875
          ],
          [
            -110.19734191894531,
            -121.75,
            0.084442138671875
          ],
          [
            -112.19734191894531,
            -121.75,
            0.084442138671875
          ],
          [
            -114.19734191894531,
            -121.75,
            0.084442138671875
          ],
          [
            -116.19734191894531,
            -121.75,
            0.084442138671875
          ],
          [
            -118.19734191894531,
            -121.75,
            0.084442138671875
          ],
          [
            -120.19734191894531,
            -121.75,
            0.084442138671875
          ],
          [
            -122.19734191894531,
            -121.75,
            0.084442138671875
          ],
          [
            -124.19734191894531,
            -121.75,
            0.084442138671875
          ],
          [
            -126.19734191894531,
            -121.75,
            0.084442138671875
          ],
          [
            -128.1973419189453,
            -121.75,
            0.084442138671875
          ],
          [
            -130.1973419189453,
            -121.75,
            0.084442138671875
          ],
          [
            -132.1973419189453,
            -121.75,
            0.084442138671875
          ],
          [
            -134.1973419189453,
            -121.75,
            0.084442138671875
          ],
          [
            -136.1973419189453,
            -121.75,
            0.084442138671875
          ],
          [
            -138.1973419189453,
            -121.75,
            0.084442138671875
          ],
          [
            -140.1973419189453,
            -121.75,
            0.084442138671875
          ],
          [
            -142.1973419189453,
            -121.75,
            0.084442138671875
          ],
          [
            -144.1973419189453,
            -121.75,
            0.084442138671875
          ],
          [
            -146.1973419189453,
            -121.75,
            0.084442138671875
          ],
          [
            -148.1973419189453,
            -121.75,
            0.084442138671875
          ],
          [
            -150.1973419189453,
            -121.75,
            0.084442138671875
          ],
          [
            -152.1973419189453,
            -121.75,
            0.084442138671875
          ],
          [
            -154.1973419189453,
            -121.75,
            0.084442138671875
          ],
          [
            -156.1973419189453,
            -121.75,
            0.084442138671875
          ],
          [
            -158.1973419189453,
            -121.75,
            0.084442138671875
          ],
          [
            -160.1973419189453,
            -121.75,
            0.084442138671875
          ],
          [
            -162.1973419189453,
            -121.75,
            0.084442138671875
          ],
          [
            -164.1973419189453,
            -121.75,
            0.084442138671875
          ],
          [
            -166.1973419189453,
            -121.75,
            0.084442138671875
          ],
          [
            -168.1973419189453,
            -121.75,
            0.084442138671875
          ],
          [
            -170.1973419189453,
            -121.75,
            0.084442138671875
          ],
          [
            -172.1973419189453,
            -121.75,
            0.084442138671875
          ],
          [
            -174.1973419189453,
            -121.75,
            0.084442138671875
          ],
          [
            -176.1973419189453,
            -121.75,
            0.084442138671875
          ],
          [
            -178.1973419189453,
            -121.75,
            0.084442138671875
          ],
          [
            -180.1973419189453,
            -121.75,
            0.084442138671875
          ],
          [
            -189.02421512243882,
            -117.98140183934626,
            0.11630455207712245
          ]
        ]
      },
      "properties": {
        "from_junction": 509,
        "to_junction": 976,
        "length_m": 123.41
      }
    },
    {
      "type": "Feature",
      "geometry": {
        "type": "LineString",
        "coordinates": [
          [
            271.3296415540907,
            30.861530904416686,
            0.16211189267536005
          ],
          [
            273.9674987792969,
            21.350109100341797,
            0.09649658203125
          ],
          [
            274.11041259765625,
            19.355222702026367,
            0.09649658203125
          ],
          [
            274.25335693359375,
            17.360336303710938,
            0.09649658203125
          ],
          [
            274.3962707519531,
            15.365449905395508,
            0.09649658203125
          ],
          [
            274.5391845703125,
            13.370562553405762,
            0.09649658203125
          ],
          [
            274.68212890625,
            11.375676155090332,
            0.09649658203125
          ],
          [
            274.8250427246094,
            9.380789756774902,
            0.09649658203125
          ],
          [
            274.96795654296875,
            7.385903358459473,
            0.09649658203125
          ],
          [
            275.11090087890625,
            5.391016006469727,
            0.09649658203125
          ],
          [
            275.2538146972656,
            3.396129608154297,
            0.09649658203125
          ],
          [
            275.3967590332031,
            1.4012430906295776,
            0.09649658203125
          ],
          [
            275.5396728515625,
            -0.593643307685852,
            0.09649658203125
          ],
          [
            275.6825866699219,
            -2.588529586791992,
            0.09649658203125
          ],
          [
            275.8255310058594,
            -4.583415985107422,
            0.09649658203125
          ],
          [
            275.96844482421875,
            -6.578302383422852,
            0.09649658203125
          ],
          [
            276.1113586425781,
            -8.573190689086914,
            0.09649658203125
          ],
          [
            276.2543029785156,
            -10.568077087402344,
            0.09649658203125
          ],
          [
            276.397216796875,
            -12.56296157836914,
            0.09649658203125
          ],
          [
            276.5401306152344,
            -14.557849884033203,
            0.09649658203125
          ],
          [
            276.6830749511719,
            -16.552734375,
            0.09649658203125
          ],
          [
            276.82598876953125,
            -18.547622680664062,
            0.09649658203125
          ],
          [
            276.9689025878906,
            -20.542510986328125,
            0.09649658203125
          ],
          [
            277.1118469238281,
            -22.537395477294922,
            0.09649658203125
          ],
          [
            277.2547607421875,
            -24.532283782958984,
            0.09649658203125
          ],
          [
            277.397705078125,
            -26.52716827392578,
            0.09649658203125
          ],
          [
            277.5406188964844,
            -28.522056579589844,
            0.09649658203125
          ],
          [
            277.68353271484375,
            -30.51694107055664,
            0.09649658203125
          ],
          [
            277.82647705078125,
            -32.5118293762207,
            0.09649658203125
          ],
          [
            277.9693908691406,
            -34.506717681884766,
            0.09649658203125
          ],
          [
            278.1123046875,
            -36.50160598754883,
            0.09649658203125
          ],
          [
            278.2552490234375,
            -38.49649429321289,
            0.09649658203125
          ],
          [
            278.3981628417969,
            -40.49137496948242,
            0.09649658203125
          ],
          [
            278.54107666015625,
            -42.486263275146484,
            0.09649658203125
          ],
          [
            278.68402099609375,
            -44.48115158081055,
            0.09649658203125
          ],
          [
            278.8269348144531,
            -46.47603225708008,
            0.09649658203125
          ],
          [
            278.9698486328125,
            -48.470924377441406,
            0.09649658203125
          ],
          [
            277.8974250510887,
            -56.639783753289116,
            0.16175306905750875
          ]
        ]
      },
      "properties": {
        "from_junction": 865,
        "to_junction": 743,
        "length_m": 88.11
      }
    },
    {
      "type": "Feature",
      "geometry": {
        "type": "LineString",
        "coordinates": [
          [
            -50.6954729180587,
            94.32321401227985,
            0.10074462517309656
          ],
          [
            -49.79458236694336,
            84.31481170654297,
            0.201416015625
          ],
          [
            -49.954002380371094,
            82.32117462158203,
            0.201416015625
          ],
          [
            -50.113426208496094,
            80.3275375366211,
            0.201416015625
          ],
          [
            -50.27284622192383,
            78.33390808105469,
            0.201416015625
          ],
          [
            -50.43227005004883,
            76.34027099609375,
            0.201416015625
          ],
          [
            -50.59169006347656,
            74.34663391113281,
            0.201416015625
          ],
          [
            -50.75111389160156,
            72.35299682617188,
            0.201416015625
          ],
          [
            -50.9105339050293,
            70.35935974121094,
            0.201416015625
          ],
          [
            -51.0699577331543,
            68.36572265625,
            0.201416015625
          ],
          [
            -51.2293815612793,
            66.37208557128906,
            0.201416015625
          ],
          [
            -51.38880157470703,
            64.37844848632812,
            0.201416015625
          ],
          [
            -51.54822540283203,
            62.38481521606445,
            0.201416015625
          ],
          [
            -51.707645416259766,
            60.391178131103516,
            0.201416015625
          ],
          [
            -51.867069244384766,
            58.397544860839844,
            0.201416015625
          ],
          [
            -52.0264892578125,
            56.403907775878906,
            0.201416015625
          ],
          [
            -52.1859130859375,
            54.41027069091797,
            0.201416015625
          ],
          [
            -52.345333099365234,
            52.41663360595703,
            0.201416015625
          ],
          [
            -52.504756927490234,
            50.422996520996094,
            0.201416015625
          ],
          [
            -52.664180755615234,
            48.42936325073242,
            0.201416015625
          ],
          [
            -52.82360076904297,
            46.435726165771484,
            0.201416015625
          ],
          [
            -52.98302459716797,
            44.44209289550781,
            0.201416015625
          ],
          [
            -53.1424446105957,
            42.448455810546875,
            0.201416015625
          ],
          [
            -53.3018684387207,
            40.45481872558594,
            0.201416015625
          ],
          [
            -53.46128845214844,
            38.461181640625,
            0.201416015625
          ],
          [
            -53.62071228027344,
            36.46754455566406,
            0.201416015625
          ],
          [
            -53.78013229370117,
            34.47391128540039,
            0.201416015625
          ],
          [
            -56.618625987659804,
            24.527141987193716,
            0.2145438027652827
          ]
        ]
      },
      "properties": {
        "from_junction": 122,
        "to_junction": 214,
        "length_m": 70.39
      }
    },
    {
      "type": "Feature",
      "geometry": {
        "type": "LineString",
        "coordinates": [
          [
            -44.82919469869362,
            180.40997775095815,
            0.22305801342118461
          ],
          [
            -42.73692321777344,
            172.57354736328125,
            0.201416015625
          ],
          [
            -42.89634704589844,
            170.57992553710938,
            0.201416015625
          ],
          [
            -43.05576705932617,
            168.58628845214844,
            0.201416015625
          ],
          [
            -43.21519088745117,
            166.5926513671875,
            0.201416015625
          ],
          [
            -43.374610900878906,
            164.59901428222656,
            0.201416015625
          ],
          [
            -43.534034729003906,
            162.60537719726562,
            0.201416015625
          ],
          [
            -43.69345474243164,
            160.6117401123047,
            0.201416015625
          ],
          [
            -43.85287857055664,
            158.61810302734375,
            0.201416015625
          ],
          [
            -44.012298583984375,
            156.6244659423828,
            0.201416015625
          ],
          [
            -44.171722412109375,
            154.63082885742188,
            0.201416015625
          ],
          [
            -44.331146240234375,
            152.63720703125,
            0.201416015625
          ],
          [
            -44.49056625366211,
            150.6435546875,
            0.201416015625
          ],
          [
            -44.64999008178711,
            148.64993286132812,
            0.201416015625
          ],
          [
            -44.809410095214844,
            146.65628051757812,
            0.201416015625
          ],
          [
            -44.968833923339844,
            144.66265869140625,
            0.201416015625
          ],
          [
            -45.12825393676758,
            142.6690216064453,
            0.201416015625
          ],
          [
            -45.28767776489258,
            140.67538452148438,
            0.201416015625
          ],
          [
            -45.44709777832031,
            138.68174743652344,
            0.201416015625
          ],
          [
            -45.60652160644531,
            136.6881103515625,
            0.201416015625
          ],
          [
            -45.76594543457031,
            134.69447326660156,
            0.201416015625
          ],
          [
            -45.92536544799805,
            132.70083618164062,
            0.201416015625
          ],
          [
            -46.08478927612305,
            130.7071990966797,
            0.201416015625
          ],
          [
            -46.24420928955078,
            128.71356201171875,
            0.201416015625
          ],
          [
            -46.40363311767578,
            126.71992492675781,
            0.201416015625
          ],
          [
            -46.563053131103516,
            124.7262954711914,
            0.201416015625
          ],
          [
            -46.722476959228516,
            122.73265838623047,
            0.201416015625
          ],
          [
            -46.88189697265625,
            120.73902130126953,
            0.201416015625
          ],
          [
            -47.04132080078125,
            118.7453842163086,
            0.201416015625
          ],
          [
            -47.20074462890625,
            116.75174713134766,
            0.201416015625
          ],
          [
            -47.360164642333984,
            114.75811004638672,
            0.201416015625
          ],
          [
            -47.519588470458984,
            112.76448059082031,
            0.201416015625
          ],
          [
            -47.67900848388672,
            110.77084350585938,
            0.201416015625
          ],
          [
            -47.83843231201172,
            108.77720642089844,
            0.201416015625
          ],
          [
            -47.99785232543945,
            106.7835693359375,
            0.201416015625
          ],
          [
            -48.15727615356445,
            104.78993225097656,
            0.201416015625
          ],
          [
            -48.31669616699219,
            102.79629516601562,
            0.201416015625
          ],
          [
            -50.6954729180587,
            94.32321401227985,
            0.10074462517309656
          ]
        ]
      },
      "properties": {
        "from_junction": 265,
        "to_junction": 122,
        "length_m": 86.91
      }
    },
    {
      "type": "Feature",
      "geometry": {
        "type": "LineString",
        "coordinates": [
          [
            -168.5486543589625,
            90.87267178502576,
            0.09314316830167282
          ],
          [
            -158.5563201904297,
            93.02413940429688,
            0.0
          ],
          [
            -156.55718994140625,
            93.08331298828125,
            0.0
          ],
          [
            -154.55807495117188,
            93.14249420166016,
            0.0
          ],
          [
            -152.55894470214844,
            93.20166778564453,
            0.0
          ],
          [
            -150.55982971191406,
            93.2608413696289,
            0.0
          ],
          [
            -148.56069946289062,
            93.32002258300781,
            0.0
          ],
          [
            -146.5615692138672,
            93.37919616699219,
            0.0
          ],
          [
            -144.5624542236328,
            93.4383773803711,
            0.0
          ],
          [
            -142.56332397460938,
            93.49755096435547,
            0.0
          ],
          [
            -140.56419372558594,
            93.55672454833984,
            0.0
          ],
          [
            -138.56507873535156,
            93.61590576171875,
            0.0
          ],
          [
            -136.56594848632812,
            93.67507934570312,
            0.0
          ],
          [
            -134.56683349609375,
            93.73426055908203,
            0.0
          ],
          [
            -132.5677032470703,
            93.7934341430664,
            0.0
          ],
          [
            -130.56857299804688,
            93.85260772705078,
            0.0
          ],
          [
            -128.5694580078125,
            93.91178894042969,
            0.0
          ],
          [
            -126.5703353881836,
            93.97096252441406,
            0.0
          ],
          [
            -124.57121276855469,
            94.03014373779297,
            0.0
          ],
          [
            -122.57209014892578,
            94.08931732177734,
            0.0
          ],
          [
            -120.57295989990234,
            94.14849090576172,
            0.0
          ],
          [
            -118.57384490966797,
            94.20767211914062,
            0.0
          ],
          [
            -116.57471466064453,
            94.266845703125,
            0.0
          ],
          [
            -114.57559204101562,
            94.3260269165039,
            0.0
          ],
          [
            -112.57646942138672,
            94.38520050048828,
            0.0
          ],
          [
            -110.57733917236328,
            94.44437408447266,
            0.0
          ],
          [
            -108.5782241821289,
            94.50355529785156,
            0.0
          ],
          [
            -106.57909393310547,
            94.56272888183594,
            0.0
          ],
          [
            -104.57997131347656,
            94.62191009521484,
            0.0
          ],
          [
            -102.58084869384766,
            94.68108367919922,
            0.0
          ],
          [
            -100.58171844482422,
            94.7402572631836,
            0.0
          ],
          [
            -98.58259582519531,
            94.7994384765625,
            0.0
          ],
          [
            -96.5834732055664,
            94.85861206054688,
            0.0
          ],
          [
            -94.58434295654297,
            94.91779327392578,
            0.0
          ],
          [
            -92.5852279663086,
            94.97696685791016,
            0.0
          ],
          [
            -90.58609771728516,
            95.03614044189453,
            0.0
          ],
          [
            -88.58697509765625,
            95.09532165527344,
            0.0
          ],
          [
            -86.58785247802734,
            95.15449523925781,
            0.0
          ],
          [
            -84.5887222290039,
            95.21367645263672,
            0.0
          ],
          [
            -82.58960723876953,
            95.2728500366211,
            0.0
          ],
          [
            -80.5904769897461,
            95.33202362060547,
            0.0
          ],
          [
            -78.59135437011719,
            95.39120483398438,
            0.0
          ],
          [
            -76.59223175048828,
            95.45037841796875,
            0.0
          ],
          [
            -74.59310150146484,
            95.50955963134766,
            0.0
          ],
          [
            -72.59397888183594,
            95.56873321533203,
            0.0
          ],
          [
            -70.59485626220703,
            95.6279067993164,
            0.0
          ],
          [
            -68.59573364257812,
            95.68708801269531,
            0.0
          ],
          [
            -66.59661102294922,
            95.74626159667969,
            0.0
          ],
          [
            -64.59748077392578,
            95.8054428100586,
            0.0
          ],
          [
            -62.598358154296875,
            95.86461639404297,
            0.0
          ],
          [
            -60.5992317199707,
            95.92378997802734,
            0.0
          ],
          [
            -50.6954729180587,
            94.32321401227985,
            0.10074462517309656
          ]
        ]
      },
      "properties": {
        "from_junction": 652,
        "to_junction": 122,
        "length_m": 118.25
      }
    },
    {
      "type": "Feature",
      "geometry": {
        "type": "LineString",
        "coordinates": [
          [
            119.63222987835223,
            186.91745112492487,
            0.22663304324333483
          ],
          [
            128.6549072265625,
            191.04417419433594,
            0.2344970703125
          ],
          [
            130.6534881591797,
            191.11941528320312,
            0.2344970703125
          ],
          [
            132.65206909179688,
            191.1946563720703,
            0.2344970703125
          ],
          [
            134.65066528320312,
            191.26991271972656,
            0.2344970703125
          ],
          [
            136.6492462158203,
            191.34515380859375,
            0.2344970703125
          ],
          [
            138.6478271484375,
            191.42039489746094,
            0.2344970703125
          ],
          [
            140.6464080810547,
            191.49563598632812,
            0.2344970703125
          ],
          [
            142.64498901367188,
            191.5708770751953,
            0.2344970703125
          ],
          [
            144.64358520507812,
            191.6461181640625,
            0.2344970703125
          ],
          [
            146.6421661376953,
            191.72137451171875,
            0.2344970703125
          ],
          [
            148.6407470703125,
            191.79661560058594,
            0.2344970703125
          ],
          [
            150.6393280029297,
            191.87185668945312,
            0.2344970703125
          ],
          [
            152.63792419433594,
            191.9470977783203,
            0.2344970703125
          ],
          [
            154.63650512695312,
            192.0223388671875,
            0.2344970703125
          ],
          [
            156.6350860595703,
            192.0975799560547,
            0.2344970703125
          ],
          [
            158.6336669921875,
            192.17283630371094,
            0.2344970703125
          ],
          [
            160.6322479248047,
            192.24807739257812,
            0.2344970703125
          ],
          [
            162.63084411621094,
            192.3233184814453,
            0.2344970703125
          ],
          [
            164.62942504882812,
            192.3985595703125,
            0.2344970703125
          ],
          [
            166.6280059814453,
            192.4738006591797,
            0.2344970703125
          ],
          [
            168.6265869140625,
            192.54905700683594,
            0.2344970703125
          ],
          [
            170.6251678466797,
            192.62429809570312,
            0.2344970703125
          ],
          [
            172.62376403808594,
            192.6995391845703,
            0.2344970703125
          ],
          [
            174.62234497070312,
            192.7747802734375,
            0.2344970703125
          ],
          [
            176.6209259033203,
            192.8500213623047,
            0.2344970703125
          ],
          [
            178.6195068359375,
            192.92526245117188,
            0.2344970703125
          ],
          [
            180.6180877685547,
            193.00051879882812,
            0.2344970703125
          ],
          [
            182.61668395996094,
            193.0757598876953,
            0.2344970703125
          ],
          [
            184.61526489257812,
            193.1510009765625,
            0.2344970703125
          ],
          [
            186.6138458251953,
            193.2262420654297,
            0.2344970703125
          ],
          [
            188.6124267578125,
            193.30148315429688,
            0.2344970703125
          ],
          [
            190.6110076904297,
            193.37672424316406,
            0.2344970703125
          ],
          [
            192.60960388183594,
            193.4519805908203,
            0.2344970703125
          ],
          [
            194.60818481445312,
            193.5272216796875,
            0.2344970703125
          ],
          [
            196.6067657470703,
            193.6024627685547,
            0.2344970703125
          ],
          [
            198.6053466796875,
            193.67770385742188,
            0.2344970703125
          ],
          [
            200.6039276123047,
            193.75294494628906,
            0.2344970703125
          ],
          [
            202.60252380371094,
            193.8282012939453,
            0.2344970703125
          ],
          [
            204.60110473632812,
            193.9034423828125,
            0.2344970703125
          ],
          [
            206.5996856689453,
            193.9786834716797,
            0.2344970703125
          ],
          [
            208.59828186035156,
            194.05392456054688,
            0.2344970703125
          ],
          [
            210.5968475341797,
            194.12916564941406,
            0.2344970703125
          ],
          [
            212.59544372558594,
            194.20440673828125,
            0.2344970703125
          ],
          [
            214.59402465820312,
            194.2796630859375,
            0.2344970703125
          ],
          [
            216.5926055908203,
            194.3549041748047,
            0.2344970703125
          ],
          [
            218.59120178222656,
            194.43014526367188,
            0.2344970703125
          ],
          [
            220.5897674560547,
            194.50538635253906,
            0.2344970703125
          ],
          [
            222.58836364746094,
            194.58062744140625,
            0.2344970703125
          ],
          [
            224.58694458007812,
            194.6558837890625,
            0.2344970703125
          ],
          [
            226.5855255126953,
            194.7311248779297,
            0.2344970703125
          ],
          [
            228.58412170410156,
            194.80636596679688,
            0.2344970703125
          ],
          [
            230.5826873779297,
            194.88160705566406,
            0.2344970703125
          ],
          [
            232.58128356933594,
            194.95684814453125,
            0.2344970703125
          ],
          [
            234.57986450195312,
            195.03208923339844,
            0.2344970703125
          ],
          [
            236.5784454345703,
            195.1073455810547,
            0.2344970703125
          ],
          [
            238.57704162597656,
            195.18258666992188,
            0.2344970703125
          ],
          [
            240.5756072998047,
            195.25782775878906,
            0.2344970703125
          ],
          [
            242.57420349121094,
            195.33306884765625,
            0.2344970703125
          ],
          [
            244.57278442382812,
            195.40830993652344,
            0.2344970703125
          ],
          [
            246.5713653564453,
            195.48355102539062,
            0.2344970703125
          ],
          [
            248.56996154785156,
            195.55880737304688,
            0.2344970703125
          ],
          [
            250.5685272216797,
            195.63404846191406,
            0.2344970703125
          ],
          [
            252.56712341308594,
            195.70928955078125,
            0.2344970703125
          ],
          [
            260.1549535898062,
            192.4271756685697,
            0.19365920298374617
          ]
        ]
      },
      "properties": {
        "from_junction": 285,
        "to_junction": 418,
        "length_m": 142.19
      }
    },
    {
      "type": "Feature",
      "geometry": {
        "type": "LineString",
        "coordinates": [
          [
            277.8974250510887,
            -56.639783753289116,
            0.16175306905750875
          ],
          [
            287.2810363769531,
            -54.883567810058594,
            0.2269287109375
          ],
          [
            289.2807312011719,
            -54.848793029785156,
            0.2269287109375
          ],
          [
            291.2804260253906,
            -54.81401443481445,
            0.2269287109375
          ],
          [
            293.2801208496094,
            -54.779239654541016,
            0.2269287109375
          ],
          [
            295.2798156738281,
            -54.74446487426758,
            0.2269287109375
          ],
          [
            297.2795104980469,
            -54.70969009399414,
            0.2269287109375
          ],
          [
            299.2792053222656,
            -54.67491149902344,
            0.2269287109375
          ],
          [
            301.2789001464844,
            -54.64013671875,
            0.2269287109375
          ],
          [
            303.2785949707031,
            -54.60536193847656,
            0.2269287109375
          ],
          [
            305.2782897949219,
            -54.570587158203125,
            0.2269287109375
          ],
          [
            307.2779846191406,
            -54.53580856323242,
            0.2269287109375
          ],
          [
            309.2776794433594,
            -54.501033782958984,
            0.2269287109375
          ],
          [
            311.27740478515625,
            -54.46625900268555,
            0.2269287109375
          ],
          [
            313.277099609375,
            -54.43148422241211,
            0.2269287109375
          ],
          [
            315.27679443359375,
            -54.396705627441406,
            0.2269287109375
          ],
          [
            317.2764892578125,
            -54.36193084716797,
            0.2269287109375
          ],
          [
            319.27618408203125,
            -54.32715606689453,
            0.2269287109375
          ],
          [
            321.27587890625,
            -54.292381286621094,
            0.2269287109375
          ],
          [
            323.27557373046875,
            -54.25760269165039,
            0.2269287109375
          ],
          [
            325.2752685546875,
            -54.22282791137695,
            0.2269287109375
          ],
          [
            327.27496337890625,
            -54.188053131103516,
            0.2269287109375
          ],
          [
            329.274658203125,
            -54.15327835083008,
            0.2269287109375
          ],
          [
            331.2743835449219,
            -54.118499755859375,
            0.2269287109375
          ],
          [
            333.2740783691406,
            -54.08372497558594,
            0.2269287109375
          ],
          [
            335.2737731933594,
            -54.0489501953125,
            0.2269287109375
          ],
          [
            337.2734680175781,
            -54.01417541503906,
            0.2269287109375
          ],
          [
            339.2731628417969,
            -53.97939682006836,
            0.2269287109375
          ],
          [
            341.2728576660156,
            -53.94462203979492,
            0.2269287109375
          ],
          [
            343.2725524902344,
            -53.909847259521484,
            0.2269287109375
          ],
          [
            345.2722473144531,
            -53.87506866455078,
            0.2269287109375
          ],
          [
            347.2719421386719,
            -53.840293884277344,
            0.2269287109375
          ],
          [
            349.2716369628906,
            -53.805519104003906,
            0.2269287109375
          ],
          [
            351.2713317871094,
            -53.77074432373047,
            0.2269287109375
          ],
          [
            353.27105712890625,
            -53.735965728759766,
            0.2269287109375
          ],
          [
            355.270751953125,
            -53.70119094848633,
            0.2269287109375
          ],
          [
            362.04527576153095,
            -55.537889627309944,
            0.13607510050328878
          ]
        ]
      },
      "properties": {
        "from_junction": 743,
        "to_junction": 916,
        "length_m": 84.57
      }
    },
    {
      "type": "Feature",
      "geometry": {
        "type": "LineString",
        "coordinates": [
          [
            359.89447593688965,
            -116.67077684402466,
            0.09138192748650908
          ],
          [
            353.89410400390625,
            -121.75,
            0.084442138671875
          ],
          [
            351.89410400390625,
            -121.75,
            0.084442138671875
          ],
          [
            349.89410400390625,
            -121.75,
            0.084442138671875
          ],
          [
            347.89410400390625,
            -121.75,
            0.084442138671875
          ],
          [
            345.89410400390625,
            -121.75,
            0.084442138671875
          ],
          [
            343.89410400390625,
            -121.75,
            0.084442138671875
          ],
          [
            341.89410400390625,
            -121.75,
            0.084442138671875
          ],
          [
            339.89410400390625,
            -121.75,
            0.084442138671875
          ],
          [
            337.89410400390625,
            -121.75,
            0.084442138671875
          ],
          [
            335.89410400390625,
            -121.75,
            0.084442138671875
          ],
          [
            333.89410400390625,
            -121.75,
            0.084442138671875
          ],
          [
            331.89410400390625,
            -121.75,
            0.084442138671875
          ],
          [
            329.89410400390625,
            -121.75,
            0.084442138671875
          ],
          [
            327.89410400390625,
            -121.75,
            0.084442138671875
          ],
          [
            325.89410400390625,
            -121.75,
            0.084442138671875
          ],
          [
            323.89410400390625,
            -121.75,
            0.084442138671875
          ],
          [
            321.89410400390625,
            -121.75,
            0.084442138671875
          ],
          [
            319.89410400390625,
            -121.75,
            0.084442138671875
          ],
          [
            317.89410400390625,
            -121.75,
            0.084442138671875
          ],
          [
            315.89410400390625,
            -121.75,
            0.084442138671875
          ],
          [
            313.89410400390625,
            -121.75,
            0.084442138671875
          ],
          [
            311.89410400390625,
            -121.75,
            0.084442138671875
          ],
          [
            309.89410400390625,
            -121.75,
            0.084442138671875
          ],
          [
            307.89410400390625,
            -121.75,
            0.084442138671875
          ],
          [
            305.89410400390625,
            -121.75,
            0.084442138671875
          ],
          [
            303.89410400390625,
            -121.75,
            0.084442138671875
          ],
          [
            301.89410400390625,
            -121.75,
            0.084442138671875
          ],
          [
            299.89410400390625,
            -121.75,
            0.084442138671875
          ],
          [
            297.89410400390625,
            -121.75,
            0.084442138671875
          ],
          [
            295.89410400390625,
            -121.75,
            0.084442138671875
          ],
          [
            293.89410400390625,
            -121.75,
            0.084442138671875
          ],
          [
            291.89410400390625,
            -121.75,
            0.084442138671875
          ],
          [
            289.89410400390625,
            -121.75,
            0.084442138671875
          ],
          [
            281.78728787404185,
            -117.92148791619067,
            0.08826827342217823
          ]
        ]
      },
      "properties": {
        "from_junction": 173,
        "to_junction": 438,
        "length_m": 80.83
      }
    },
    {
      "type": "Feature",
      "geometry": {
        "type": "LineString",
        "coordinates": [
          [
            -272.19064565805286,
            172.43318606645633,
            0.19318868582829452
          ],
          [
            -265.3121643066406,
            176.21188354492188,
            0.2344970703125
          ],
          [
            -263.3135681152344,
            176.28712463378906,
            0.2344970703125
          ],
          [
            -261.31500244140625,
            176.36236572265625,
            0.2344970703125
          ],
          [
            -259.31640625,
            176.4376220703125,
            0.2344970703125
          ],
          [
            -257.3178405761719,
            176.5128631591797,
            0.2344970703125
          ],
          [
            -255.3192596435547,
            176.58810424804688,
            0.2344970703125
          ],
          [
            -253.3206787109375,
            176.66334533691406,
            0.2344970703125
          ],
          [
            -251.3220977783203,
            176.73858642578125,
            0.2344970703125
          ],
          [
            -249.32350158691406,
            176.81382751464844,
            0.2344970703125
          ],
          [
            -247.32492065429688,
            176.8890838623047,
            0.2344970703125
          ],
          [
            -245.3263397216797,
            176.96432495117188,
            0.2344970703125
          ],
          [
            -243.3277587890625,
            177.03956604003906,
            0.2344970703125
          ],
          [
            -241.3291778564453,
            177.11480712890625,
            0.2344970703125
          ],
          [
            -239.33058166503906,
            177.19004821777344,
            0.2344970703125
          ],
          [
            -237.33200073242188,
            177.26528930664062,
            0.2344970703125
          ],
          [
            -235.3334197998047,
            177.34054565429688,
            0.2344970703125
          ],
          [
            -233.3348388671875,
            177.41578674316406,
            0.2344970703125
          ],
          [
            -231.3362579345703,
            177.49102783203125,
            0.2344970703125
          ],
          [
            -229.33766174316406,
            177.56626892089844,
            0.2344970703125
          ],
          [
            -227.33908081054688,
            177.64151000976562,
            0.2344970703125
          ],
          [
            -225.3404998779297,
            177.71676635742188,
            0.2344970703125
          ],
          [
            -223.3419189453125,
            177.79200744628906,
            0.2344970703125
          ],
          [
            -221.3433380126953,
            177.86724853515625,
            0.2344970703125
          ],
          [
            -219.34474182128906,
            177.94248962402344,
            0.2344970703125
          ],
          [
            -217.34616088867188,
            178.01773071289062,
            0.2344970703125
          ],
          [
            -215.3475799560547,
            178.0929718017578,
            0.2344970703125
          ],
          [
            -213.34898376464844,
            178.16822814941406,
            0.2344970703125
          ],
          [
            -211.3504180908203,
            178.24346923828125,
            0.2344970703125
          ],
          [
            -209.35182189941406,
            178.31871032714844,
            0.2344970703125
          ],
          [
            -207.35324096679688,
            178.39395141601562,
            0.2344970703125
          ],
          [
            -205.3546600341797,
            178.4691925048828,
            0.2344970703125
          ],
          [
            -203.35606384277344,
            178.54444885253906,
            0.2344970703125
          ],
          [
            -201.3574981689453,
            178.61968994140625,
            0.2344970703125
          ],
          [
            -199.35890197753906,
            178.69493103027344,
            0.2344970703125
          ],
          [
            -197.36032104492188,
            178.77017211914062,
            0.2344970703125
          ],
          [
            -195.3617401123047,
            178.8454132080078,
            0.2344970703125
          ],
          [
            -193.36314392089844,
            178.920654296875,
            0.2344970703125
          ],
          [
            -191.3645782470703,
            178.99591064453125,
            0.2344970703125
          ],
          [
            -189.36598205566406,
            179.07115173339844,
            0.2344970703125
          ],
          [
            -187.36740112304688,
            179.14639282226562,
            0.2344970703125
          ],
          [
            -185.3688201904297,
            179.2216339111328,
            0.2344970703125
          ],
          [
            -183.37022399902344,
            179.296875,
            0.2344970703125
          ],
          [
            -181.3716583251953,
            179.3721160888672,
            0.2344970703125
          ],
          [
            -179.37306213378906,
            179.44737243652344,
            0.2344970703125
          ],
          [
            -177.37448120117188,
            179.52261352539062,
            0.2344970703125
          ],
          [
            -175.3759002685547,
            179.5978546142578,
            0.2344970703125
          ],
          [
            -173.37730407714844,
            179.673095703125,
            0.2344970703125
          ],
          [
            -171.3787384033203,
            179.7483367919922,
            0.2344970703125
          ],
          [
            -169.38014221191406,
            179.82357788085938,
            0.2344970703125
          ],
          [
            -161.309012646945,
            175.97659762400502,
            0.2175658997499718
          ]
        ]
      },
      "properties": {
        "from_junction": 184,
        "to_junction": 956,
        "length_m": 112.79
      }
    },
    {
      "type": "Feature",
      "geometry": {
        "type": "LineString",
        "coordinates": [
          [
            -277.5864085071492,
            88.61957492468493,
            0.06804842740200671
          ],
          [
            -280.9748229980469,
            97.80783081054688,
            0.103546142578125
          ],
          [
            -280.819091796875,
            99.8017578125,
            0.103546142578125
          ],
          [
            -280.6633605957031,
            101.79568481445312,
            0.103546142578125
          ],
          [
            -280.50762939453125,
            103.78961181640625,
            0.103546142578125
          ],
          [
            -280.3519287109375,
            105.78353881835938,
            0.103546142578125
          ],
          [
            -280.1961975097656,
            107.7774658203125,
            0.103546142578125
          ],
          [
            -280.04046630859375,
            109.77140045166016,
            0.103546142578125
          ],
          [
            -279.8847351074219,
            111.76532745361328,
            0.103546142578125
          ],
          [
            -279.72900390625,
            113.75926208496094,
            0.103546142578125
          ],
          [
            -279.57330322265625,
            115.75318908691406,
            0.103546142578125
          ],
          [
            -279.4175720214844,
            117.74711608886719,
            0.103546142578125
          ],
          [
            -279.2618408203125,
            119.74104309082031,
            0.103546142578125
          ],
          [
            -279.1061096191406,
            121.73497009277344,
            0.103546142578125
          ],
          [
            -278.9504089355469,
            123.72889709472656,
            0.103546142578125
          ],
          [
            -278.794677734375,
            125.72282409667969,
            0.103546142578125
          ],
          [
            -278.6389465332031,
            127.71675109863281,
            0.103546142578125
          ],
          [
            -278.48321533203125,
            129.71067810058594,
            0.103546142578125
          ],
          [
            -278.3275146484375,
            131.70462036132812,
            0.103546142578125
          ],
          [
            -278.1717834472656,
            133.69854736328125,
            0.103546142578125
          ],
          [
            -278.01605224609375,
            135.69247436523438,
            0.103546142578125
          ],
          [
            -277.8603210449219,
            137.6864013671875,
            0.103546142578125
          ],
          [
            -277.70458984375,
            139.68032836914062,
            0.103546142578125
          ],
          [
            -277.54888916015625,
            141.67425537109375,
            0.103546142578125
          ],
          [
            -277.3931579589844,
            143.66818237304688,
            0.103546142578125
          ],
          [
            -277.2374267578125,
            145.662109375,
            0.103546142578125
          ],
          [
            -277.0816955566406,
            147.65603637695312,
            0.103546142578125
          ],
          [
            -276.9259948730469,
            149.64996337890625,
            0.103546142578125
          ],
          [
            -276.770263671875,
            151.64389038085938,
            0.103546142578125
          ],
          [
            -276.6145324707031,
            153.6378173828125,
            0.103546142578125
          ],
          [
            -276.45880126953125,
            155.63174438476562,
            0.103546142578125
          ],
          [
            -276.3031005859375,
            157.62567138671875,
            0.103546142578125
          ],
          [
            -276.1473693847656,
            159.61961364746094,
            0.103546142578125
          ],
          [
            -275.99163818359375,
            161.61354064941406,
            0.103546142578125
          ],
          [
            -275.8359069824219,
            163.6074676513672,
            0.103546142578125
          ],
          [
            -275.68017578125,
            165.6013946533203,
            0.103546142578125
          ],
          [
            -275.5244445800781,
            167.59532165527344,
            0.103546142578125
          ],
          [
            -272.19064565805286,
            172.43318606645633,
            0.19318868582829452
          ]
        ]
      },
      "properties": {
        "from_junction": 794,
        "to_junction": 184,
        "length_m": 85.67
      }
    },
    {
      "type": "Feature",
      "geometry": {
        "type": "LineString",
        "coordinates": [
          [
            271.3296415540907,
            30.861530904416686,
            0.16211189267536005
          ],
          [
            262.0807189941406,
            28.776334762573242,
            0.2276611328125
          ],
          [
            260.0810241699219,
            28.740455627441406,
            0.2276611328125
          ],
          [
            258.0813293457031,
            28.704574584960938,
            0.2276611328125
          ],
          [
            256.0816650390625,
            28.66869354248047,
            0.2276611328125
          ],
          [
            254.08200073242188,
            28.6328125,
            0.2276611328125
          ],
          [
            252.08230590820312,
            28.596933364868164,
            0.2276611328125
          ],
          [
            250.0826416015625,
            28.561052322387695,
            0.2276611328125
          ],
          [
            248.08294677734375,
            28.525171279907227,
            0.2276611328125
          ],
          [
            246.08328247070312,
            28.48929214477539,
            0.2276611328125
          ],
          [
            244.08360290527344,
            28.453411102294922,
            0.2276611328125
          ],
          [
            242.08392333984375,
            28.417530059814453,
            0.2276611328125
          ],
          [
            240.08424377441406,
            28.381650924682617,
            0.2276611328125
          ],
          [
            238.08456420898438,
            28.34576988220215,
            0.2276611328125
          ],
          [
            236.0848846435547,
            28.30988883972168,
            0.2276611328125
          ],
          [
            234.085205078125,
            28.27400779724121,
            0.2276611328125
          ],
          [
            232.08554077148438,
            28.238128662109375,
            0.2276611328125
          ],
          [
            230.08584594726562,
            28.202247619628906,
            0.2276611328125
          ],
          [
            228.086181640625,
            28.166366577148438,
            0.2276611328125
          ],
          [
            226.08648681640625,
            28.1304874420166,
            0.2276611328125
          ],
          [
            224.08682250976562,
            28.094606399536133,
            0.2276611328125
          ],
          [
            222.08714294433594,
            28.058725357055664,
            0.2276611328125
          ],
          [
            220.08746337890625,
            28.022844314575195,
            0.2276611328125
          ],
          [
            218.08778381347656,
            27.98696517944336,
            0.2276611328125
          ],
          [
            216.08810424804688,
            27.95108413696289,
            0.2276611328125
          ],
          [
            214.0884246826172,
            27.915203094482422,
            0.2276611328125
          ],
          [
            212.0887451171875,
            27.879323959350586,
            0.2276611328125
          ],
          [
            210.08908081054688,
            27.843442916870117,
            0.2276611328125
          ],
          [
            208.08938598632812,
            27.80756187438965,
            0.2276611328125
          ],
          [
            206.0897216796875,
            27.77168083190918,
            0.2276611328125
          ],
          [
            204.09002685546875,
            27.735801696777344,
            0.2276611328125
          ],
          [
            202.09036254882812,
            27.699920654296875,
            0.2276611328125
          ],
          [
            200.09068298339844,
            27.664039611816406,
            0.2276611328125
          ],
          [
            198.09100341796875,
            27.62816047668457,
            0.2276611328125
          ],
          [
            196.09132385253906,
            27.5922794342041,
            0.2276611328125
          ],
          [
            194.09164428710938,
            27.556398391723633,
            0.2276611328125
          ],
          [
            192.0919647216797,
            27.520517349243164,
            0.2276611328125
          ],
          [
            190.09228515625,
            27.484638214111328,
            0.2276611328125
          ],
          [
            188.09262084960938,
            27.44875717163086,
            0.2276611328125
          ],
          [
            186.09292602539062,
            27.41287612915039,
            0.2276611328125
          ],
          [
            184.09326171875,
            27.376996994018555,
            0.2276611328125
          ],
          [
            182.0935821533203,
            27.341115951538086,
            0.2276611328125
          ],
          [
            180.09390258789062,
            27.305234909057617,
            0.2276611328125
          ],
          [
            178.09422302246094,
            27.26935386657715,
            0.2276611328125
          ],
          [
            176.09454345703125,
            27.233474731445312,
            0.2276611328125
          ],
          [
            174.09486389160156,
            27.197593688964844,
            0.2276611328125
          ],
          [
            172.09518432617188,
            27.161712646484375,
            0.2276611328125
          ],
          [
            170.0955047607422,
            27.12583351135254,
            0.2276611328125
          ],
          [
            168.0958251953125,
            27.08995246887207,
            0.2276611328125
          ],
          [
            166.09616088867188,
            27.0540714263916,
            0.2276611328125
          ],
          [
            164.09646606445312,
            27.018190383911133,
            0.2276611328125
          ],
          [
            162.0968017578125,
            26.982311248779297,
            0.2276611328125
          ],
          [
            160.0971221923828,
            26.946430206298828,
            0.2276611328125
          ],
          [
            158.09744262695312,
            26.91054916381836,
            0.2276611328125
          ],
          [
            156.09776306152344,
            26.874670028686523,
            0.2276611328125
          ],
          [
            154.09808349609375,
            26.838788986206055,
            0.2276611328125
          ],
          [
            152.09840393066406,
            26.802907943725586,
            0.2276611328125
          ],
          [
            150.09872436523438,
            26.767026901245117,
            0.2276611328125
          ],
          [
            148.0990447998047,
            26.73114776611328,
            0.2276611328125
          ],
          [
            146.099365234375,
            26.695266723632812,
            0.2276611328125
          ],
          [
            144.09970092773438,
            26.659385681152344,
            0.2276611328125
          ],
          [
            142.1000213623047,
            26.623506546020508,
            0.2276611328125
          ],
          [
            140.100341796875,
            26.58762550354004,
            0.2276611328125
          ],
          [
            138.1006622314453,
            26.55174446105957,
            0.2276611328125
          ],
          [
            136.10098266601562,
            26.5158634185791,
            0.2276611328125
          ],
          [
            134.10130310058594,
            26.479984283447266,
            0.2276611328125
          ],
          [
            132.10162353515625,
            26.444103240966797,
            0.2276611328125
          ],
          [
            130.10194396972656,
            26.408222198486328,
            0.2276611328125
          ],
          [
            128.2597198486328,
            26.347034454345703,
            0.2276611328125
          ],
          [
            119.9599907214825,
            27.900748032789963,
            0.21869143614402184
          ]
        ]
      },
      "properties": {
        "from_junction": 865,
        "to_junction": 601,
        "length_m": 151.77
      }
    },
    {
      "type": "Feature",
      "geometry": {
        "type": "LineString",
        "coordinates": [
          [
            -175.83739056503563,
            22.49842975850691,
            0.2069419124408772
          ],
          [
            -165.5258331298828,
            24.604297637939453,
            0.2276611328125
          ],
          [
            -163.52615356445312,
            24.640178680419922,
            0.2276611328125
          ],
          [
            -161.52647399902344,
            24.676057815551758,
            0.2276611328125
          ],
          [
            -159.52679443359375,
            24.711938858032227,
            0.2276611328125
          ],
          [
            -157.52711486816406,
            24.747819900512695,
            0.2276611328125
          ],
          [
            -155.52743530273438,
            24.783700942993164,
            0.2276611328125
          ],
          [
            -153.52777099609375,
            24.819580078125,
            0.2276611328125
          ],
          [
            -151.52809143066406,
            24.85546112060547,
            0.2276611328125
          ],
          [
            -149.52841186523438,
            24.891342163085938,
            0.2276611328125
          ],
          [
            -147.5287322998047,
            24.927221298217773,
            0.2276611328125
          ],
          [
            -145.529052734375,
            24.963102340698242,
            0.2276611328125
          ],
          [
            -143.5293731689453,
            24.99898338317871,
            0.2276611328125
          ],
          [
            -141.52969360351562,
            25.03486442565918,
            0.2276611328125
          ],
          [
            -139.53001403808594,
            25.070743560791016,
            0.2276611328125
          ],
          [
            -137.53033447265625,
            25.106624603271484,
            0.2276611328125
          ],
          [
            -135.53065490722656,
            25.142505645751953,
            0.2276611328125
          ],
          [
            -133.53097534179688,
            25.17838478088379,
            0.2276611328125
          ],
          [
            -131.53131103515625,
            25.214265823364258,
            0.2276611328125
          ],
          [
            -129.53163146972656,
            25.250146865844727,
            0.2276611328125
          ],
          [
            -127.53194427490234,
            25.286027908325195,
            0.2276611328125
          ],
          [
            -125.53226470947266,
            25.32190704345703,
            0.2276611328125
          ],
          [
            -123.53258514404297,
            25.3577880859375,
            0.2276611328125
          ],
          [
            -121.53290557861328,
            25.39366912841797,
            0.2276611328125
          ],
          [
            -119.5332260131836,
            25.429548263549805,
            0.2276611328125
          ],
          [
            -117.5335464477539,
            25.465429306030273,
            0.2276611328125
          ],
          [
            -115.53386688232422,
            25.501310348510742,
            0.2276611328125
          ],
          [
            -113.53419494628906,
            25.53719139099121,
            0.2276611328125
          ],
          [
            -111.53451538085938,
            25.573070526123047,
            0.2276611328125
          ],
          [
            -109.53484344482422,
            25.608951568603516,
            0.2276611328125
          ],
          [
            -107.53516387939453,
            25.644832611083984,
            0.2276611328125
          ],
          [
            -105.53548431396484,
            25.68071174621582,
            0.2276611328125
          ],
          [
            -103.53580474853516,
            25.71659278869629,
            0.2276611328125
          ],
          [
            -101.53612518310547,
            25.752473831176758,
            0.2276611328125
          ],
          [
            -99.53644561767578,
            25.788352966308594,
            0.2276611328125
          ],
          [
            -97.5367660522461,
            25.824234008789062,
            0.2276611328125
          ],
          [
            -95.53709411621094,
            25.86011505126953,
            0.2276611328125
          ],
          [
            -93.53741455078125,
            25.89599609375,
            0.2276611328125
          ],
          [
            -91.53773498535156,
            25.931875228881836,
            0.2276611328125
          ],
          [
            -89.53805541992188,
            25.967756271362305,
            0.2276611328125
          ],
          [
            -87.53837585449219,
            26.003637313842773,
            0.2276611328125
          ],
          [
            -85.53870391845703,
            26.03951644897461,
            0.2276611328125
          ],
          [
            -83.53902435302734,
            26.075397491455078,
            0.2276611328125
          ],
          [
            -81.53934478759766,
            26.111278533935547,
            0.2276611328125
          ],
          [
            -79.53966522216797,
            26.147159576416016,
            0.2276611328125
          ],
          [
            -77.53998565673828,
            26.18303871154785,
            0.2276611328125
          ],
          [
            -75.54031372070312,
            26.21891975402832,
            0.2276611328125
          ],
          [
            -73.54063415527344,
            26.25480079650879,
            0.2276611328125
          ],
          [
            -71.54095458984375,
            26.290679931640625,
            0.2276611328125
          ],
          [
            -69.54127502441406,
            26.326560974121094,
            0.2276611328125
          ],
          [
            -67.54159545898438,
            26.362442016601562,
            0.2276611328125
          ],
          [
            -65.54192352294922,
            26.3983211517334,
            0.2276611328125
          ],
          [
            -56.618625987659804,
            24.527141987193716,
            0.2145438027652827
          ]
        ]
      },
      "properties": {
        "from_junction": 305,
        "to_junction": 214,
        "length_m": 119.64
      }
    },
    {
      "type": "Feature",
      "geometry": {
        "type": "LineString",
        "coordinates": [
          [
            -189.02421512243882,
            -117.98140183934626,
            0.11630455207712245
          ],
          [
            -198.12246704101562,
            -121.75,
            0.084442138671875
          ],
          [
            -200.12246704101562,
            -121.75,
            0.084442138671875
          ],
          [
            -202.12246704101562,
            -121.75,
            0.084442138671875
          ],
          [
            -204.12246704101562,
            -121.75,
            0.084442138671875
          ],
          [
            -206.12246704101562,
            -121.75,
            0.084442138671875
          ],
          [
            -208.12246704101562,
            -121.75,
            0.084442138671875
          ],
          [
            -210.12246704101562,
            -121.75,
            0.084442138671875
          ],
          [
            -212.12246704101562,
            -121.75,
            0.084442138671875
          ],
          [
            -214.12246704101562,
            -121.75,
            0.084442138671875
          ],
          [
            -216.12246704101562,
            -121.75,
            0.084442138671875
          ],
          [
            -218.12246704101562,
            -121.75,
            0.084442138671875
          ],
          [
            -220.12246704101562,
            -121.75,
            0.084442138671875
          ],
          [
            -222.12246704101562,
            -121.75,
            0.084442138671875
          ],
          [
            -224.12246704101562,
            -121.75,
            0.084442138671875
          ],
          [
            -226.12246704101562,
            -121.75,
            0.084442138671875
          ],
          [
            -228.12246704101562,
            -121.75,
            0.084442138671875
          ],
          [
            -230.12246704101562,
            -121.75,
            0.084442138671875
          ],
          [
            -232.12246704101562,
            -121.75,
            0.084442138671875
          ],
          [
            -234.12246704101562,
            -121.75,
            0.084442138671875
          ],
          [
            -236.12246704101562,
            -121.75,
            0.084442138671875
          ],
          [
            -238.12246704101562,
            -121.75,
            0.084442138671875
          ],
          [
            -240.12246704101562,
            -121.75,
            0.084442138671875
          ],
          [
            -242.12246704101562,
            -121.75,
            0.084442138671875
          ],
          [
            -244.12246704101562,
            -121.75,
            0.084442138671875
          ],
          [
            -246.12246704101562,
            -121.75,
            0.084442138671875
          ],
          [
            -248.12246704101562,
            -121.75,
            0.084442138671875
          ],
          [
            -250.12246704101562,
            -121.75,
            0.084442138671875
          ],
          [
            -252.12246704101562,
            -121.75,
            0.084442138671875
          ],
          [
            -254.12246704101562,
            -121.75,
            0.084442138671875
          ],
          [
            -256.1224670410156,
            -121.75,
            0.084442138671875
          ],
          [
            -258.1224670410156,
            -121.75,
            0.084442138671875
          ],
          [
            -260.1224670410156,
            -121.75,
            0.084442138671875
          ],
          [
            -262.1224670410156,
            -121.75,
            0.084442138671875
          ],
          [
            -264.1224670410156,
            -121.75,
            0.084442138671875
          ],
          [
            -266.1224670410156,
            -121.75,
            0.084442138671875
          ],
          [
            -268.1224670410156,
            -121.75,
            0.084442138671875
          ],
          [
            -270.1224670410156,
            -121.75,
            0.084442138671875
          ],
          [
            -272.1224670410156,
            -121.75,
            0.084442138671875
          ],
          [
            -274.1224670410156,
            -121.75,
            0.084442138671875
          ],
          [
            -276.1224670410156,
            -121.75,
            0.084442138671875
          ],
          [
            -278.1224670410156,
            -121.75,
            0.084442138671875
          ],
          [
            -280.1224670410156,
            -121.75,
            0.084442138671875
          ],
          [
            -282.1224670410156,
            -121.75,
            0.084442138671875
          ],
          [
            -284.1224670410156,
            -121.75,
            0.084442138671875
          ],
          [
            -286.1224670410156,
            -121.75,
            0.084442138671875
          ],
          [
            -288.1224670410156,
            -121.75,
            0.084442138671875
          ],
          [
            -292.58800551470586,
            -116.59665769689224,
            0.09410588750067879
          ]
        ]
      },
      "properties": {
        "from_junction": 976,
        "to_junction": 203,
        "length_m": 106.67
      }
    },
    {
      "type": "Feature",
      "geometry": {
        "type": "LineString",
        "coordinates": [
          [
            -56.618625987659804,
            24.527141987193716,
            0.2145438027652827
          ],
          [
            -46.415592193603516,
            26.74150848388672,
            0.2276611328125
          ],
          [
            -44.41591262817383,
            26.777389526367188,
            0.2276611328125
          ],
          [
            -42.416236877441406,
            26.813268661499023,
            0.2276611328125
          ],
          [
            -40.41655731201172,
            26.849149703979492,
            0.2276611328125
          ],
          [
            -38.41687774658203,
            26.88503074645996,
            0.2276611328125
          ],
          [
            -36.41720199584961,
            26.92091178894043,
            0.2276611328125
          ],
          [
            -34.41752243041992,
            26.956790924072266,
            0.2276611328125
          ],
          [
            -32.4178466796875,
            26.992671966552734,
            0.2276611328125
          ],
          [
            -30.418167114257812,
            27.028553009033203,
            0.2276611328125
          ],
          [
            -28.418489456176758,
            27.06443214416504,
            0.2276611328125
          ],
          [
            -26.418811798095703,
            27.100313186645508,
            0.2276611328125
          ],
          [
            -24.419132232666016,
            27.136194229125977,
            0.2276611328125
          ],
          [
            -22.41945457458496,
            27.172075271606445,
            0.2276611328125
          ],
          [
            -20.419776916503906,
            27.20795440673828,
            0.2276611328125
          ],
          [
            -18.42009925842285,
            27.24383544921875,
            0.2276611328125
          ],
          [
            -16.420419692993164,
            27.27971649169922,
            0.2276611328125
          ],
          [
            -14.42074203491211,
            27.315595626831055,
            0.2276611328125
          ],
          [
            -12.421062469482422,
            27.351476669311523,
            0.2276611328125
          ],
          [
            -10.42138671875,
            27.387357711791992,
            0.2276611328125
          ],
          [
            -8.421707153320312,
            27.42323875427246,
            0.2276611328125
          ],
          [
            -6.422031879425049,
            27.459117889404297,
            0.2276611328125
          ],
          [
            -4.422352313995361,
            27.494998931884766,
            0.2276611328125
          ],
          [
            -2.422672748565674,
            27.530879974365234,
            0.2276611328125
          ],
          [
            -0.42299699783325195,
            27.56675910949707,
            0.2276611328125
          ],
          [
            1.5766825675964355,
            27.60264015197754,
            0.2276611328125
          ],
          [
            3.576362133026123,
            27.638521194458008,
            0.2276611328125
          ],
          [
            5.576037883758545,
            27.674402236938477,
            0.2276611328125
          ],
          [
            7.575717449188232,
            27.710281372070312,
            0.2276611328125
          ],
          [
            9.575393676757812,
            27.74616241455078,
            0.2276611328125
          ],
          [
            11.5750732421875,
            27.78204345703125,
            0.2276611328125
          ],
          [
            13.574752807617188,
            27.817922592163086,
            0.2276611328125
          ],
          [
            15.57442855834961,
            27.853803634643555,
            0.2276611328125
          ],
          [
            17.574108123779297,
            27.889684677124023,
            0.2276611328125
          ],
          [
            19.573787689208984,
            27.92556381225586,
            0.2276611328125
          ],
          [
            21.573467254638672,
            27.961444854736328,
            0.2276611328125
          ],
          [
            23.573139190673828,
            27.997325897216797,
            0.2276611328125
          ],
          [
            25.572818756103516,
            28.033206939697266,
            0.2276611328125
          ],
          [
            27.572498321533203,
            28.0690860748291,
            0.2276611328125
          ],
          [
            29.57217788696289,
            28.10496711730957,
            0.2276611328125
          ],
          [
            31.571857452392578,
            28.14084815979004,
            0.2276611328125
          ],
          [
            33.571529388427734,
            28.176727294921875,
            0.2276611328125
          ],
          [
            35.57120895385742,
            28.212608337402344,
            0.2276611328125
          ],
          [
            37.57088851928711,
            28.248489379882812,
            0.2276611328125
          ],
          [
            39.5705680847168,
            28.28437042236328,
            0.2276611328125
          ],
          [
            41.570247650146484,
            28.320249557495117,
            0.2276611328125
          ],
          [
            43.56991958618164,
            28.356130599975586,
            0.2276611328125
          ],
          [
            45.56959915161133,
            28.392011642456055,
            0.2276611328125
          ],
          [
            47.569278717041016,
            28.42789077758789,
            0.2276611328125
          ],
          [
            49.5689582824707,
            28.46377182006836,
            0.2276611328125
          ],
          [
            51.56863784790039,
            28.499652862548828,
            0.2276611328125
          ],
          [
            53.56831741333008,
            28.535533905029297,
            0.2276611328125
          ],
          [
            55.567989349365234,
            28.571413040161133,
            0.2276611328125
          ],
          [
            57.56766891479492,
            28.6072940826416,
            0.2276611328125
          ],
          [
            59.56734848022461,
            28.64317512512207,
            0.2276611328125
          ],
          [
            61.5670280456543,
            28.679054260253906,
            0.2276611328125
          ],
          [
            63.566707611083984,
            28.714935302734375,
            0.2276611328125
          ],
          [
            65.5663833618164,
            28.750816345214844,
            0.2276611328125
          ],
          [
            67.5660629272461,
            28.786697387695312,
            0.2276611328125
          ],
          [
            69.56574249267578,
            28.82257652282715,
            0.2276611328125
          ],
          [
            71.56542205810547,
            28.858457565307617,
            0.2276611328125
          ],
          [
            73.56510162353516,
            28.894338607788086,
            0.2276611328125
          ],
          [
            75.56476593017578,
            28.930217742919922,
            0.2276611328125
          ],
          [
            77.56444549560547,
            28.96609878540039,
            0.2276611328125
          ],
          [
            79.56412506103516,
            29.00197982788086,
            0.2276611328125
          ],
          [
            81.56380462646484,
            29.037860870361328,
            0.2276611328125
          ],
          [
            83.56348419189453,
            29.073740005493164,
            0.2276611328125
          ],
          [
            85.56316375732422,
            29.109621047973633,
            0.2276611328125
          ],
          [
            87.5628433227539,
            29.1455020904541,
            0.2276611328125
          ],
          [
            89.5625228881836,
            29.181381225585938,
            0.2276611328125
          ],
          [
            91.56218719482422,
            29.217262268066406,
            0.2276611328125
          ],
          [
            93.5618667602539,
            29.253143310546875,
            0.2276611328125
          ],
          [
            95.5615463256836,
            29.289024353027344,
            0.2276611328125
          ],
          [
            97.56122589111328,
            29.32490348815918,
            0.2276611328125
          ],
          [
            99.56090545654297,
            29.36078453063965,
            0.2276611328125
          ],
          [
            101.56058502197266,
            29.396665573120117,
            0.2276611328125
          ],
          [
            103.56026458740234,
            29.432544708251953,
            0.2276611328125
          ],
          [
            105.55994415283203,
            29.468425750732422,
            0.2276611328125
          ],
          [
            107.55962371826172,
            29.50430679321289,
            0.2276611328125
          ],
          [
            109.5593032836914,
            29.54018783569336,
            0.2276611328125
          ],
          [
            111.5589828491211,
            29.576066970825195,
            0.2276611328125
          ],
          [
            119.9599907214825,
            27.900748032789963,
            0.21869143614402184
          ]
        ]
      },
      "properties": {
        "from_junction": 214,
        "to_junction": 601,
        "length_m": 177.01
      }
    },
    {
      "type": "Feature",
      "geometry": {
        "type": "LineString",
        "coordinates": [
          [
            -44.82919469869362,
            180.40997775095815,
            0.22305801342118461
          ],
          [
            -35.74516296386719,
            184.854736328125,
            0.2344970703125
          ],
          [
            -33.746578216552734,
            184.9299774169922,
            0.2344970703125
          ],
          [
            -31.747995376586914,
            185.00521850585938,
            0.2344970703125
          ],
          [
            -29.74941062927246,
            185.08047485351562,
            0.2344970703125
          ],
          [
            -27.75082778930664,
            185.1557159423828,
            0.2344970703125
          ],
          [
            -25.752243041992188,
            185.23095703125,
            0.2344970703125
          ],
          [
            -23.753658294677734,
            185.3061981201172,
            0.2344970703125
          ],
          [
            -21.75507354736328,
            185.38143920898438,
            0.2344970703125
          ],
          [
            -19.75649070739746,
            185.45668029785156,
            0.2344970703125
          ],
          [
            -17.757905960083008,
            185.5319366455078,
            0.2344970703125
          ],
          [
            -15.759321212768555,
            185.607177734375,
            0.2344970703125
          ],
          [
            -13.760738372802734,
            185.6824188232422,
            0.2344970703125
          ],
          [
            -11.762153625488281,
            185.75765991210938,
            0.2344970703125
          ],
          [
            -9.763568878173828,
            185.83290100097656,
            0.2344970703125
          ],
          [
            -7.764986515045166,
            185.90814208984375,
            0.2344970703125
          ],
          [
            -5.766401767730713,
            185.9833984375,
            0.2344970703125
          ],
          [
            -3.7678189277648926,
            186.0586395263672,
            0.2344970703125
          ],
          [
            -1.7692341804504395,
            186.13388061523438,
            0.2344970703125
          ],
          [
            0.22935058176517487,
            186.20912170410156,
            0.2344970703125
          ],
          [
            2.227935314178467,
            186.28436279296875,
            0.2344970703125
          ],
          [
            4.22652006149292,
            186.359619140625,
            0.2344970703125
          ],
          [
            6.225100994110107,
            186.4348602294922,
            0.2344970703125
          ],
          [
            8.223686218261719,
            186.51010131835938,
            0.2344970703125
          ],
          [
            10.222270965576172,
            186.58534240722656,
            0.2344970703125
          ],
          [
            12.220855712890625,
            186.66058349609375,
            0.2344970703125
          ],
          [
            14.219440460205078,
            186.73582458496094,
            0.2344970703125
          ],
          [
            16.21802520751953,
            186.8110809326172,
            0.2344970703125
          ],
          [
            18.21660614013672,
            186.88632202148438,
            0.2344970703125
          ],
          [
            20.215190887451172,
            186.96156311035156,
            0.2344970703125
          ],
          [
            22.213775634765625,
            187.03680419921875,
            0.2344970703125
          ],
          [
            24.212360382080078,
            187.11204528808594,
            0.2344970703125
          ],
          [
            26.21094512939453,
            187.1873016357422,
            0.2344970703125
          ],
          [
            28.20952606201172,
            187.26254272460938,
            0.2344970703125
          ],
          [
            30.208114624023438,
            187.33778381347656,
            0.2344970703125
          ],
          [
            32.206695556640625,
            187.41302490234375,
            0.2344970703125
          ],
          [
            34.20527648925781,
            187.48826599121094,
            0.2344970703125
          ],
          [
            36.20386505126953,
            187.56350708007812,
            0.2344970703125
          ],
          [
            38.20244598388672,
            187.63876342773438,
            0.2344970703125
          ],
          [
            40.20103454589844,
            187.71400451660156,
            0.2344970703125
          ],
          [
            42.199615478515625,
            187.78924560546875,
            0.2344970703125
          ],
          [
            44.198204040527344,
            187.86448669433594,
            0.2344970703125
          ],
          [
            46.19678497314453,
            187.93972778320312,
            0.2344970703125
          ],
          [
            48.19536590576172,
            188.0149688720703,
            0.2344970703125
          ],
          [
            50.19395446777344,
            188.09022521972656,
            0.2344970703125
          ],
          [
            52.192535400390625,
            188.16546630859375,
            0.2344970703125
          ],
          [
            54.191123962402344,
            188.24070739746094,
            0.2344970703125
          ],
          [
            56.18970489501953,
            188.31594848632812,
            0.2344970703125
          ],
          [
            58.18828582763672,
            188.3911895751953,
            0.2344970703125
          ],
          [
            60.18687438964844,
            188.46644592285156,
            0.2344970703125
          ],
          [
            62.185455322265625,
            188.54168701171875,
            0.2344970703125
          ],
          [
            64.18403625488281,
            188.61692810058594,
            0.2344970703125
          ],
          [
            66.1826171875,
            188.69216918945312,
            0.2344970703125
          ],
          [
            68.18121337890625,
            188.7674102783203,
            0.2344970703125
          ],
          [
            70.17979431152344,
            188.8426513671875,
            0.2344970703125
          ],
          [
            72.17837524414062,
            188.91790771484375,
            0.2344970703125
          ],
          [
            74.17695617675781,
            188.99314880371094,
            0.2344970703125
          ],
          [
            76.175537109375,
            189.06838989257812,
            0.2344970703125
          ],
          [
            78.17413330078125,
            189.1436309814453,
            0.2344970703125
          ],
          [
            80.17271423339844,
            189.2188720703125,
            0.2344970703125
          ],
          [
            82.17129516601562,
            189.2941131591797,
            0.2344970703125
          ],
          [
            84.16987609863281,
            189.36936950683594,
            0.2344970703125
          ],
          [
            86.16845703125,
            189.44461059570312,
            0.2344970703125
          ],
          [
            88.16705322265625,
            189.5198516845703,
            0.2344970703125
          ],
          [
            90.16563415527344,
            189.5950927734375,
            0.2344970703125
          ],
          [
            92.16421508789062,
            189.6703338623047,
            0.2344970703125
          ],
          [
            94.16279602050781,
            189.74559020996094,
            0.2344970703125
          ],
          [
            96.16139221191406,
            189.82083129882812,
            0.2344970703125
          ],
          [
            98.15997314453125,
            189.8960723876953,
            0.2344970703125
          ],
          [
            100.15855407714844,
            189.9713134765625,
            0.2344970703125
          ],
          [
            102.15713500976562,
            190.0465545654297,
            0.2344970703125
          ],
          [
            104.15571594238281,
            190.12179565429688,
            0.2344970703125
          ],
          [
            106.15431213378906,
            190.19705200195312,
            0.2344970703125
          ],
          [
            108.15289306640625,
            190.2722930908203,
            0.2344970703125
          ],
          [
            110.15147399902344,
            190.3475341796875,
            0.2344970703125
          ],
          [
            112.15005493164062,
            190.42279052734375,
            0.2344970703125
          ],
          [
            119.63222987835223,
            186.91745112492487,
            0.22663304324333483
          ]
        ]
      },
      "properties": {
        "from_junction": 265,
        "to_junction": 285,
        "length_m": 166.38
      }
    },
    {
      "type": "Feature",
      "geometry": {
        "type": "LineString",
        "coordinates": [
          [
            364.7081768329327,
            109.11567864051231,
            0.06694137241888362
          ],
          [
            368.3228759765625,
            99.88471221923828,
            0.09783935546875
          ],
          [
            368.2879943847656,
            97.88501739501953,
            0.09783935546875
          ],
          [
            368.2531433105469,
            95.88532257080078,
            0.09783935546875
          ],
          [
            368.21826171875,
            93.88562774658203,
            0.09783935546875
          ],
          [
            368.18341064453125,
            91.88592529296875,
            0.09783935546875
          ],
          [
            368.1485290527344,
            89.88623046875,
            0.09783935546875
          ],
          [
            368.1136779785156,
            87.88653564453125,
            0.09783935546875
          ],
          [
            368.07879638671875,
            85.8868408203125,
            0.09783935546875
          ],
          [
            368.0439453125,
            83.88714599609375,
            0.09783935546875
          ],
          [
            368.0090637207031,
            81.88744354248047,
            0.09783935546875
          ],
          [
            367.97418212890625,
            79.88774871826172,
            0.09783935546875
          ],
          [
            367.9393310546875,
            77.88805389404297,
            0.09783935546875
          ],
          [
            367.9044494628906,
            75.88835906982422,
            0.09783935546875
          ],
          [
            367.8695983886719,
            73.88866424560547,
            0.09783935546875
          ],
          [
            367.834716796875,
            71.88896942138672,
            0.09783935546875
          ],
          [
            367.79986572265625,
            69.88927459716797,
            0.09783935546875
          ],
          [
            367.7649841308594,
            67.88957977294922,
            0.09783935546875
          ],
          [
            367.7301025390625,
            65.88988494873047,
            0.09783935546875
          ],
          [
            367.69525146484375,
            63.89018249511719,
            0.09783935546875
          ],
          [
            367.6603698730469,
            61.89048767089844,
            0.09783935546875
          ],
          [
            367.6255187988281,
            59.89079284667969,
            0.09783935546875
          ],
          [
            367.59063720703125,
            57.89109420776367,
            0.09783935546875
          ],
          [
            367.5557861328125,
            55.89139938354492,
            0.09783935546875
          ],
          [
            367.5209045410156,
            53.89170455932617,
            0.09783935546875
          ],
          [
            367.4860534667969,
            51.892005920410156,
            0.09783935546875
          ],
          [
            367.451171875,
            49.892311096191406,
            0.09783935546875
          ],
          [
            367.4162902832031,
            47.892616271972656,
            0.09783935546875
          ],
          [
            367.3814392089844,
            45.89291763305664,
            0.09783935546875
          ],
          [
            367.3465576171875,
            43.89322280883789,
            0.09783935546875
          ],
          [
            367.31170654296875,
            41.89352798461914,
            0.09783935546875
          ],
          [
            367.2768249511719,
            39.893829345703125,
            0.09783935546875
          ],
          [
            363.3266501793495,
            32.30176368126502,
            0.1394029249652074
          ]
        ]
      },
      "properties": {
        "from_junction": 581,
        "to_junction": 723,
        "length_m": 78.47
      }
    },
    {
      "type": "Feature",
      "geometry": {
        "type": "LineString",
        "coordinates": [
          [
            -175.83739056503563,
            22.49842975850691,
            0.2069419124408772
          ],
          [
            -185.72454833984375,
            20.74130630493164,
            0.2276611328125
          ],
          [
            -187.72421264648438,
            20.705427169799805,
            0.2276611328125
          ],
          [
            -189.72390747070312,
            20.669546127319336,
            0.2276611328125
          ],
          [
            -191.72357177734375,
            20.633665084838867,
            0.2276611328125
          ],
          [
            -193.7232666015625,
            20.59778594970703,
            0.2276611328125
          ],
          [
            -195.72293090820312,
            20.561904907226562,
            0.2276611328125
          ],
          [
            -197.7226104736328,
            20.526023864746094,
            0.2276611328125
          ],
          [
            -199.7222900390625,
            20.490142822265625,
            0.2276611328125
          ],
          [
            -201.7219696044922,
            20.45426368713379,
            0.2276611328125
          ],
          [
            -203.72164916992188,
            20.41838264465332,
            0.2276611328125
          ],
          [
            -205.72132873535156,
            20.38250160217285,
            0.2276611328125
          ],
          [
            -207.72100830078125,
            20.346622467041016,
            0.2276611328125
          ],
          [
            -209.72067260742188,
            20.310741424560547,
            0.2276611328125
          ],
          [
            -211.72036743164062,
            20.274860382080078,
            0.2276611328125
          ],
          [
            -213.72003173828125,
            20.23897933959961,
            0.2276611328125
          ],
          [
            -215.71971130371094,
            20.203100204467773,
            0.2276611328125
          ],
          [
            -217.71939086914062,
            20.167219161987305,
            0.2276611328125
          ],
          [
            -219.7190704345703,
            20.131338119506836,
            0.2276611328125
          ],
          [
            -221.71875,
            20.095458984375,
            0.2276611328125
          ],
          [
            -223.7184295654297,
            20.05957794189453,
            0.2276611328125
          ],
          [
            -225.71810913085938,
            20.023696899414062,
            0.2276611328125
          ],
          [
            -227.71778869628906,
            19.987815856933594,
            0.2276611328125
          ],
          [
            -229.71746826171875,
            19.951936721801758,
            0.2276611328125
          ],
          [
            -231.71713256835938,
            19.91605567932129,
            0.2276611328125
          ],
          [
            -233.71682739257812,
            19.88017463684082,
            0.2276611328125
          ],
          [
            -235.71649169921875,
            19.844295501708984,
            0.2276611328125
          ],
          [
            -237.71617126464844,
            19.808414459228516,
            0.2276611328125
          ],
          [
            -239.71585083007812,
            19.772533416748047,
            0.2276611328125
          ],
          [
            -241.7155303955078,
            19.736652374267578,
            0.2276611328125
          ],
          [
            -243.7152099609375,
            19.700773239135742,
            0.2276611328125
          ],
          [
            -245.7148895263672,
            19.664892196655273,
            0.2276611328125
          ],
          [
            -247.71456909179688,
            19.629011154174805,
            0.2276611328125
          ],
          [
            -249.71424865722656,
            19.59313201904297,
            0.2276611328125
          ],
          [
            -251.71392822265625,
            19.5572509765625,
            0.2276611328125
          ],
          [
            -253.71359252929688,
            19.52136993408203,
            0.2276611328125
          ],
          [
            -255.71327209472656,
            19.485488891601562,
            0.2276611328125
          ],
          [
            -257.71295166015625,
            19.449609756469727,
            0.2276611328125
          ],
          [
            -259.712646484375,
            19.413728713989258,
            0.2276611328125
          ],
          [
            -261.7123107910156,
            19.37784767150879,
            0.2276611328125
          ],
          [
            -263.7120056152344,
            19.341968536376953,
            0.2276611328125
          ],
          [
            -265.711669921875,
            19.306087493896484,
            0.2276611328125
          ],
          [
            -267.7113342285156,
            19.270206451416016,
            0.2276611328125
          ],
          [
            -269.7110290527344,
            19.234325408935547,
            0.2276611328125
          ],
          [
            -271.710693359375,
            19.19844627380371,
            0.2276611328125
          ],
          [
            -273.71038818359375,
            19.162565231323242,
            0.2276611328125
          ],
          [
            -275.7100524902344,
            19.126684188842773,
            0.2276611328125
          ],
          [
            -283.0370880702757,
            21.558872456820506,
            0.14341551009214148
          ]
        ]
      },
      "properties": {
        "from_junction": 305,
        "to_junction": 703,
        "length_m": 107.76
      }
    },
    {
      "type": "Feature",
      "geometry": {
        "type": "LineString",
        "coordinates": [
          [
            -168.5486543589625,
            90.87267178502576,
            0.09314316830167282
          ],
          [
            -178.94790649414062,
            88.91898345947266,
            0.0
          ],
          [
            -180.94703674316406,
            88.85980987548828,
            0.0
          ],
          [
            -182.94615173339844,
            88.80062866210938,
            0.0
          ],
          [
            -184.94528198242188,
            88.741455078125,
            0.0
          ],
          [
            -186.94439697265625,
            88.6822738647461,
            0.0
          ],
          [
            -188.9435272216797,
            88.62310028076172,
            0.0
          ],
          [
            -190.94265747070312,
            88.56392669677734,
            0.0
          ],
          [
            -192.9417724609375,
            88.50474548339844,
            0.0
          ],
          [
            -194.94090270996094,
            88.44557189941406,
            0.0
          ],
          [
            -196.9400177001953,
            88.38639068603516,
            0.0
          ],
          [
            -198.93914794921875,
            88.32721710205078,
            0.0
          ],
          [
            -200.9382781982422,
            88.2680435180664,
            0.0
          ],
          [
            -202.93739318847656,
            88.2088623046875,
            0.0
          ],
          [
            -204.9365234375,
            88.14968872070312,
            0.0
          ],
          [
            -206.93565368652344,
            88.09050750732422,
            0.0
          ],
          [
            -208.9347686767578,
            88.03133392333984,
            0.0
          ],
          [
            -210.93389892578125,
            87.97216033935547,
            0.0
          ],
          [
            -212.9330291748047,
            87.91297912597656,
            0.0
          ],
          [
            -214.93214416503906,
            87.85380554199219,
            0.0
          ],
          [
            -216.9312744140625,
            87.79462432861328,
            0.0
          ],
          [
            -218.93038940429688,
            87.7354507446289,
            0.0
          ],
          [
            -220.9295196533203,
            87.67627716064453,
            0.0
          ],
          [
            -222.9286346435547,
            87.61709594726562,
            0.0
          ],
          [
            -224.92776489257812,
            87.55792236328125,
            0.0
          ],
          [
            -226.92689514160156,
            87.49874114990234,
            0.0
          ],
          [
            -228.92601013183594,
            87.43956756591797,
            0.0
          ],
          [
            -230.92514038085938,
            87.3803939819336,
            0.0
          ],
          [
            -232.9242706298828,
            87.32121276855469,
            0.0
          ],
          [
            -234.9233856201172,
            87.26203918457031,
            0.0
          ],
          [
            -236.92251586914062,
            87.2028579711914,
            0.0
          ],
          [
            -238.92164611816406,
            87.14368438720703,
            0.0
          ],
          [
            -240.92076110839844,
            87.08451080322266,
            0.0
          ],
          [
            -242.9198760986328,
            87.02532958984375,
            0.0
          ],
          [
            -244.91900634765625,
            86.96615600585938,
            0.0
          ],
          [
            -246.9181365966797,
            86.90697479248047,
            0.0
          ],
          [
            -248.91725158691406,
            86.8478012084961,
            0.0
          ],
          [
            -250.9163818359375,
            86.78862762451172,
            0.0
          ],
          [
            -252.91551208496094,
            86.72944641113281,
            0.0
          ],
          [
            -254.9146270751953,
            86.67027282714844,
            0.0
          ],
          [
            -256.9137268066406,
            86.61109161376953,
            0.0
          ],
          [
            -258.9128723144531,
            86.55191802978516,
            0.0
          ],
          [
            -260.9119873046875,
            86.49274444580078,
            0.0
          ],
          [
            -262.9111022949219,
            86.43356323242188,
            0.0
          ],
          [
            -264.9102478027344,
            86.3743896484375,
            0.0
          ],
          [
            -266.90936279296875,
            86.3152084350586,
            0.0
          ],
          [
            -268.9084777832031,
            86.25603485107422,
            0.0
          ],
          [
            -270.9075927734375,
            86.19685363769531,
            0.0
          ],
          [
            -277.5864085071492,
            88.61957492468493,
            0.06804842740200671
          ]
        ]
      },
      "properties": {
        "from_junction": 652,
        "to_junction": 794,
        "length_m": 109.69
      }
    },
    {
      "type": "Feature",
      "geometry": {
        "type": "LineString",
        "coordinates": [
          [
            -175.83739056503563,
            22.49842975850691,
            0.2069419124408772
          ],
          [
            -176.35186767578125,
            32.92948913574219,
            0.18621826171875
          ],
          [
            -176.151611328125,
            34.919437408447266,
            0.18621826171875
          ],
          [
            -175.95135498046875,
            36.90938949584961,
            0.18621826171875
          ],
          [
            -175.75111389160156,
            38.89933776855469,
            0.18621826171875
          ],
          [
            -175.5508575439453,
            40.889286041259766,
            0.18621826171875
          ],
          [
            -175.35060119628906,
            42.87923812866211,
            0.18621826171875
          ],
          [
            -175.1503448486328,
            44.86918640136719,
            0.18621826171875
          ],
          [
            -174.95008850097656,
            46.859134674072266,
            0.18621826171875
          ],
          [
            -174.7498321533203,
            48.849082946777344,
            0.18621826171875
          ],
          [
            -174.54959106445312,
            50.83903121948242,
            0.18621826171875
          ],
          [
            -174.34933471679688,
            52.828983306884766,
            0.18621826171875
          ],
          [
            -174.14907836914062,
            54.818931579589844,
            0.18621826171875
          ],
          [
            -173.94882202148438,
            56.80887985229492,
            0.18621826171875
          ],
          [
            -173.74856567382812,
            58.798831939697266,
            0.18621826171875
          ],
          [
            -173.54832458496094,
            60.788780212402344,
            0.18621826171875
          ],
          [
            -173.3480682373047,
            62.77872848510742,
            0.18621826171875
          ],
          [
            -173.14781188964844,
            64.76868438720703,
            0.18621826171875
          ],
          [
            -172.9475555419922,
            66.75862884521484,
            0.18621826171875
          ],
          [
            -172.74729919433594,
            68.74858093261719,
            0.18621826171875
          ],
          [
            -172.5470428466797,
            70.73853302001953,
            0.18621826171875
          ],
          [
            -172.3468017578125,
            72.72847747802734,
            0.18621826171875
          ],
          [
            -172.14654541015625,
            74.71842956542969,
            0.18621826171875
          ],
          [
            -171.9462890625,
            76.70838165283203,
            0.18621826171875
          ],
          [
            -171.74603271484375,
            78.69832611083984,
            0.18621826171875
          ],
          [
            -171.5457763671875,
            80.68827819824219,
            0.18621826171875
          ],
          [
            -171.3455352783203,
            82.67823028564453,
            0.18621826171875
          ],
          [
            -168.5486543589625,
            90.87267178502576,
            0.09314316830167282
          ]
        ]
      },
      "properties": {
        "from_junction": 305,
        "to_junction": 652,
        "length_m": 69.1
      }
    },
    {
      "type": "Feature",
      "geometry": {
        "type": "LineString",
        "coordinates": [
          [
            120.32383463932918,
            -59.73816772607657,
            0.21832099843483704
          ],
          [
            129.3797149658203,
            -57.629554748535156,
            0.2269287109375
          ],
          [
            131.37940979003906,
            -57.59477996826172,
            0.2269287109375
          ],
          [
            133.3791046142578,
            -57.560001373291016,
            0.2269287109375
          ],
          [
            135.37881469726562,
            -57.52522659301758,
            0.2269287109375
          ],
          [
            137.37850952148438,
            -57.49045181274414,
            0.2269287109375
          ],
          [
            139.37820434570312,
            -57.4556770324707,
            0.2269287109375
          ],
          [
            141.37789916992188,
            -57.4208984375,
            0.2269287109375
          ],
          [
            143.37759399414062,
            -57.38612365722656,
            0.2269287109375
          ],
          [
            145.37728881835938,
            -57.351348876953125,
            0.2269287109375
          ],
          [
            147.37698364257812,
            -57.31657028198242,
            0.2269287109375
          ],
          [
            149.37669372558594,
            -57.281795501708984,
            0.2269287109375
          ],
          [
            151.3763885498047,
            -57.24702072143555,
            0.2269287109375
          ],
          [
            153.37608337402344,
            -57.21224594116211,
            0.2269287109375
          ],
          [
            155.37579345703125,
            -57.177467346191406,
            0.2269287109375
          ],
          [
            157.37548828125,
            -57.14269256591797,
            0.2269287109375
          ],
          [
            159.37518310546875,
            -57.10791778564453,
            0.2269287109375
          ],
          [
            161.3748779296875,
            -57.073143005371094,
            0.2269287109375
          ],
          [
            163.37457275390625,
            -57.03836441040039,
            0.2269287109375
          ],
          [
            165.374267578125,
            -57.00358963012695,
            0.2269287109375
          ],
          [
            167.37396240234375,
            -56.968814849853516,
            0.2269287109375
          ],
          [
            169.3736572265625,
            -56.93404006958008,
            0.2269287109375
          ],
          [
            171.3733673095703,
            -56.899261474609375,
            0.2269287109375
          ],
          [
            173.37306213378906,
            -56.86448669433594,
            0.2269287109375
          ],
          [
            175.3727569580078,
            -56.8297119140625,
            0.2269287109375
          ],
          [
            177.37246704101562,
            -56.79493713378906,
            0.2269287109375
          ],
          [
            179.37216186523438,
            -56.76015853881836,
            0.2269287109375
          ],
          [
            181.37185668945312,
            -56.72538375854492,
            0.2269287109375
          ],
          [
            183.37155151367188,
            -56.690608978271484,
            0.2269287109375
          ],
          [
            185.37124633789062,
            -56.65583419799805,
            0.2269287109375
          ],
          [
            187.37094116210938,
            -56.621055603027344,
            0.2269287109375
          ],
          [
            189.37063598632812,
            -56.586280822753906,
            0.2269287109375
          ],
          [
            191.37033081054688,
            -56.55150604248047,
            0.2269287109375
          ],
          [
            193.3700408935547,
            -56.51673126220703,
            0.2269287109375
          ],
          [
            195.36973571777344,
            -56.48195266723633,
            0.2269287109375
          ],
          [
            197.3694305419922,
            -56.44717788696289,
            0.2269287109375
          ],
          [
            199.369140625,
            -56.41240310668945,
            0.2269287109375
          ],
          [
            201.36883544921875,
            -56.377628326416016,
            0.2269287109375
          ],
          [
            203.3685302734375,
            -56.34284973144531,
            0.2269287109375
          ],
          [
            205.36822509765625,
            -56.308074951171875,
            0.2269287109375
          ],
          [
            207.367919921875,
            -56.27330017089844,
            0.2269287109375
          ],
          [
            209.36761474609375,
            -56.238521575927734,
            0.2269287109375
          ],
          [
            211.3673095703125,
            -56.2037467956543,
            0.2269287109375
          ],
          [
            213.3670196533203,
            -56.16897201538086,
            0.2269287109375
          ],
          [
            215.36671447753906,
            -56.13419723510742,
            0.2269287109375
          ],
          [
            217.3664093017578,
            -56.09941864013672,
            0.2269287109375
          ],
          [
            219.36610412597656,
            -56.06464385986328,
            0.2269287109375
          ],
          [
            221.36581420898438,
            -56.029869079589844,
            0.2269287109375
          ],
          [
            223.36550903320312,
            -55.995094299316406,
            0.2269287109375
          ],
          [
            225.36520385742188,
            -55.9603157043457,
            0.2269287109375
          ],
          [
            227.36489868164062,
            -55.925540924072266,
            0.2269287109375
          ],
          [
            229.36459350585938,
            -55.89076614379883,
            0.2269287109375
          ],
          [
            231.36428833007812,
            -55.85599136352539,
            0.2269287109375
          ],
          [
            233.36398315429688,
            -55.82121276855469,
            0.2269287109375
          ],
          [
            235.3636932373047,
            -55.78643798828125,
            0.2269287109375
          ],
          [
            237.36338806152344,
            -55.75166320800781,
            0.2269287109375
          ],
          [
            239.3630828857422,
            -55.716888427734375,
            0.2269287109375
          ],
          [
            241.36277770996094,
            -55.68210983276367,
            0.2269287109375
          ],
          [
            243.36248779296875,
            -55.647335052490234,
            0.2269287109375
          ],
          [
            245.3621826171875,
            -55.6125602722168,
            0.2269287109375
          ],
          [
            247.36187744140625,
            -55.57778549194336,
            0.2269287109375
          ],
          [
            249.361572265625,
            -55.543006896972656,
            0.2269287109375
          ],
          [
            251.36126708984375,
            -55.50823211669922,
            0.2269287109375
          ],
          [
            253.3609619140625,
            -55.47345733642578,
            0.2269287109375
          ],
          [
            255.3606719970703,
            -55.43867874145508,
            0.2269287109375
          ],
          [
            257.3603515625,
            -55.40390396118164,
            0.2269287109375
          ],
          [
            259.36004638671875,
            -55.3691291809082,
            0.2269287109375
          ],
          [
            261.3597717285156,
            -55.334354400634766,
            0.2269287109375
          ],
          [
            263.3594665527344,
            -55.29957580566406,
            0.2269287109375
          ],
          [
            265.3591613769531,
            -55.264801025390625,
            0.2269287109375
          ],
          [
            267.3588562011719,
            -55.23002624511719,
            0.2269287109375
          ],
          [
            269.16119384765625,
            -55.15420150756836,
            0.2269287109375
          ],
          [
            277.8974250510887,
            -56.639783753289116,
            0.16175306905750875
          ]
        ]
      },
      "properties": {
        "from_junction": 356,
        "to_junction": 743,
        "length_m": 157.96
      }
    },
    {
      "type": "Feature",
      "geometry": {
        "type": "LineString",
        "coordinates": [
          [
            119.9599907214825,
            27.900748032789963,
            0.21869143614402184
          ],
          [
            121.94535827636719,
            18.82686424255371,
            0.209716796875
          ],
          [
            121.9470443725586,
            16.82686424255371,
            0.209716796875
          ],
          [
            121.94873046875,
            14.826864242553711,
            0.209716796875
          ],
          [
            121.95040893554688,
            12.826868057250977,
            0.209716796875
          ],
          [
            121.95209503173828,
            10.826868057250977,
            0.209716796875
          ],
          [
            121.95378112792969,
            8.826868057250977,
            0.209716796875
          ],
          [
            121.9554672241211,
            6.826871871948242,
            0.209716796875
          ],
          [
            121.9571533203125,
            4.826871871948242,
            0.209716796875
          ],
          [
            121.9588394165039,
            2.826871633529663,
            0.209716796875
          ],
          [
            121.96051788330078,
            0.8268716335296631,
            0.209716796875
          ],
          [
            121.96220397949219,
            -1.173128366470337,
            0.209716796875
          ],
          [
            121.9638900756836,
            -3.1731245517730713,
            0.209716796875
          ],
          [
            121.965576171875,
            -5.173124313354492,
            0.209716796875
          ],
          [
            121.9672622680664,
            -7.173124313354492,
            0.209716796875
          ],
          [
            121.96894073486328,
            -9.173124313354492,
            0.209716796875
          ],
          [
            121.97062683105469,
            -11.173124313354492,
            0.209716796875
          ],
          [
            121.9723129272461,
            -13.173124313354492,
            0.209716796875
          ],
          [
            121.9739990234375,
            -15.173120498657227,
            0.209716796875
          ],
          [
            121.9756851196289,
            -17.173120498657227,
            0.209716796875
          ],
          [
            121.97737121582031,
            -19.173120498657227,
            0.209716796875
          ],
          [
            121.97904968261719,
            -21.173120498657227,
            0.209716796875
          ],
          [
            121.9807357788086,
            -23.173118591308594,
            0.209716796875
          ],
          [
            121.982421875,
            -25.173118591308594,
            0.209716796875
          ],
          [
            121.9841079711914,
            -27.17311668395996,
            0.209716796875
          ],
          [
            121.98579406738281,
            -29.17311668395996,
            0.209716796875
          ],
          [
            121.98748016357422,
            -31.17311668395996,
            0.209716796875
          ],
          [
            121.9891586303711,
            -33.173118591308594,
            0.209716796875
          ],
          [
            121.9908447265625,
            -35.173118591308594,
            0.209716796875
          ],
          [
            121.9925308227539,
            -37.17311477661133,
            0.209716796875
          ],
          [
            121.99421691894531,
            -39.17311477661133,
            0.209716796875
          ],
          [
            121.99590301513672,
            -41.17311477661133,
            0.209716796875
          ],
          [
            121.99758911132812,
            -43.17311477661133,
            0.209716796875
          ],
          [
            121.999267578125,
            -45.17311096191406,
            0.209716796875
          ],
          [
            122.0009536743164,
            -47.17311096191406,
            0.209716796875
          ],
          [
            122.00263977050781,
            -49.17311096191406,
            0.209716796875
          ],
          [
            122.02351379394531,
            -51.04371643066406,
            0.209716796875
          ],
          [
            120.32383463932918,
            -59.73816772607657,
            0.21832099843483704
          ]
        ]
      },
      "properties": {
        "from_junction": 601,
        "to_junction": 356,
        "length_m": 88.02
      }
    },
    {
      "type": "Feature",
      "geometry": {
        "type": "LineString",
        "coordinates": [
          [
            266.303850569815,
            104.08730647249043,
            0.04882840990673153
          ],
          [
            275.422607421875,
            105.9371109008789,
            0.0
          ],
          [
            277.4093322753906,
            106.03983306884766,
            0.0
          ],
          [
            279.3954162597656,
            106.15457916259766,
            0.0
          ],
          [
            281.3807678222656,
            106.2813720703125,
            0.0
          ],
          [
            283.36529541015625,
            106.42021942138672,
            0.0
          ],
          [
            285.34893798828125,
            106.57109069824219,
            0.0
          ],
          [
            287.3316345214844,
            106.73397827148438,
            0.0
          ],
          [
            289.3133239746094,
            106.9089126586914,
            0.0
          ],
          [
            291.29388427734375,
            107.0958480834961,
            0.0
          ],
          [
            293.2732849121094,
            107.2947998046875,
            0.0
          ],
          [
            295.25146484375,
            107.5057373046875,
            0.0
          ],
          [
            297.22943115234375,
            107.72843933105469,
            0.0
          ],
          [
            299.2091064453125,
            107.96073150634766,
            0.0
          ],
          [
            301.1907653808594,
            108.19942474365234,
            0.0
          ],
          [
            303.1748962402344,
            108.44139099121094,
            0.0
          ],
          [
            305.16131591796875,
            108.68358612060547,
            0.0
          ],
          [
            307.14996337890625,
            108.92362976074219,
            0.0
          ],
          [
            309.1412048339844,
            109.15922546386719,
            0.0
          ],
          [
            311.13525390625,
            109.3880844116211,
            0.0
          ],
          [
            313.13226318359375,
            109.60791778564453,
            0.0
          ],
          [
            315.132568359375,
            109.81640625,
            0.0
          ],
          [
            317.1357116699219,
            110.0113296508789,
            0.0
          ],
          [
            319.14031982421875,
            110.19172668457031,
            0.0
          ],
          [
            321.14617919921875,
            110.35753631591797,
            0.0
          ],
          [
            323.1531677246094,
            110.50881958007812,
            0.0
          ],
          [
            325.1612243652344,
            110.64551544189453,
            0.0
          ],
          [
            327.17022705078125,
            110.76762390136719,
            0.0
          ],
          [
            329.1800537109375,
            110.87511444091797,
            0.0
          ],
          [
            331.1905822753906,
            110.96804809570312,
            0.0
          ],
          [
            333.2017517089844,
            111.04639434814453,
            0.0
          ],
          [
            335.2134704589844,
            111.11009216308594,
            0.0
          ],
          [
            337.2255859375,
            111.15922546386719,
            0.0
          ],
          [
            339.23797607421875,
            111.19371795654297,
            0.0
          ],
          [
            341.2505798339844,
            111.213623046875,
            0.0
          ],
          [
            343.2632751464844,
            111.21890258789062,
            0.0
          ],
          [
            345.27593994140625,
            111.20956420898438,
            0.0
          ],
          [
            347.28851318359375,
            111.18563842773438,
            0.0
          ],
          [
            349.30084228515625,
            111.14706420898438,
            0.0
          ],
          [
            351.3128356933594,
            111.09390258789062,
            0.0
          ],
          [
            353.32440185546875,
            111.02615356445312,
            0.0
          ],
          [
            355.3349914550781,
            110.94389343261719,
            0.0
          ],
          [
            357.34320068359375,
            110.84862518310547,
            0.0
          ],
          [
            359.0032653808594,
            110.89643096923828,
            0.0
          ],
          [
            364.7081768329327,
            109.11567864051231,
            0.06694137241888362
          ]
        ]
      },
      "properties": {
        "from_junction": 529,
        "to_junction": 581,
        "length_m": 99.11
      }
    },
    {
      "type": "Feature",
      "geometry": {
        "type": "LineString",
        "coordinates": [
          [
            277.8974250510887,
            -56.639783753289116,
            0.16175306905750875
          ],
          [
            280.2364807128906,
            -66.15003967285156,
            0.09649658203125
          ],
          [
            280.37939453125,
            -68.14492797851562,
            0.09649658203125
          ],
          [
            280.5223388671875,
            -70.13981628417969,
            0.09649658203125
          ],
          [
            280.6652526855469,
            -72.13469696044922,
            0.09649658203125
          ],
          [
            280.80816650390625,
            -74.12958526611328,
            0.09649658203125
          ],
          [
            280.95111083984375,
            -76.12447357177734,
            0.09649658203125
          ],
          [
            281.0940246582031,
            -78.1193618774414,
            0.09649658203125
          ],
          [
            281.2369384765625,
            -80.11424255371094,
            0.09649658203125
          ],
          [
            281.3798828125,
            -82.109130859375,
            0.09649658203125
          ],
          [
            281.5227966308594,
            -84.10401916503906,
            0.09649658203125
          ],
          [
            281.6657409667969,
            -86.09890747070312,
            0.09649658203125
          ],
          [
            281.80865478515625,
            -88.09379577636719,
            0.09649658203125
          ],
          [
            281.9515686035156,
            -90.08867645263672,
            0.09649658203125
          ],
          [
            282.0945129394531,
            -92.08356475830078,
            0.09649658203125
          ],
          [
            282.2374267578125,
            -94.07845306396484,
            0.09649658203125
          ],
          [
            282.3803405761719,
            -96.0733413696289,
            0.09649658203125
          ],
          [
            282.5232849121094,
            -98.06822204589844,
            0.09649658203125
          ],
          [
            282.66619873046875,
            -100.0631103515625,
            0.09649658203125
          ],
          [
            282.8091125488281,
            -102.05799865722656,
            0.09649658203125
          ],
          [
            282.9520568847656,
            -104.05288696289062,
            0.09649658203125
          ],
          [
            283.094970703125,
            -106.04777526855469,
            0.09649658203125
          ],
          [
            283.2378845214844,
            -108.04266357421875,
            0.09649658203125
          ],
          [
            283.3808288574219,
            -110.03754425048828,
            0.09649658203125
          ],
          [
            283.5232849121094,
            -111.97713470458984,
            0.09649658203125
          ],
          [
            281.78728787404185,
            -117.92148791619067,
            0.08826827342217823
          ]
        ]
      },
      "properties": {
        "from_junction": 743,
        "to_junction": 438,
        "length_m": 61.93
      }
    },
    {
      "type": "Feature",
      "geometry": {
        "type": "LineString",
        "coordinates": [
          [
            120.32524497553987,
            99.4004582818949,
            0.1048696948991559
          ],
          [
            121.88518524169922,
            90.2616958618164,
            0.209716796875
          ],
          [
            121.88687133789062,
            88.2616958618164,
            0.209716796875
          ],
          [
            121.88855743408203,
            86.2616958618164,
            0.209716796875
          ],
          [
            121.89024353027344,
            84.2616958618164,
            0.209716796875
          ],
          [
            121.89192962646484,
            82.2616958618164,
            0.209716796875
          ],
          [
            121.89361572265625,
            80.2616958618164,
            0.209716796875
          ],
          [
            121.89529418945312,
            78.2616958618164,
            0.209716796875
          ],
          [
            121.89698028564453,
            76.2616958618164,
            0.209716796875
          ],
          [
            121.89866638183594,
            74.2616958618164,
            0.209716796875
          ],
          [
            121.90035247802734,
            72.2616958618164,
            0.209716796875
          ],
          [
            121.90203857421875,
            70.2616958618164,
            0.209716796875
          ],
          [
            121.90371704101562,
            68.2616958618164,
            0.209716796875
          ],
          [
            121.90540313720703,
            66.2616958618164,
            0.209716796875
          ],
          [
            121.90708923339844,
            64.26170349121094,
            0.209716796875
          ],
          [
            121.90877532958984,
            62.26170349121094,
            0.209716796875
          ],
          [
            121.91046142578125,
            60.26170349121094,
            0.209716796875
          ],
          [
            121.91214752197266,
            58.26170349121094,
            0.209716796875
          ],
          [
            121.91382598876953,
            56.26170349121094,
            0.209716796875
          ],
          [
            121.91551208496094,
            54.26170349121094,
            0.209716796875
          ],
          [
            121.91719818115234,
            52.26170349121094,
            0.209716796875
          ],
          [
            121.91888427734375,
            50.2617073059082,
            0.209716796875
          ],
          [
            121.92057037353516,
            48.2617073059082,
            0.209716796875
          ],
          [
            121.92225646972656,
            46.2617073059082,
            0.209716796875
          ],
          [
            121.92393493652344,
            44.2617073059082,
            0.209716796875
          ],
          [
            121.92562103271484,
            42.26171112060547,
            0.209716796875
          ],
          [
            121.92730712890625,
            40.26171112060547,
            0.209716796875
          ],
          [
            121.92899322509766,
            38.26171112060547,
            0.209716796875
          ],
          [
            121.93067169189453,
            36.26171112060547,
            0.209716796875
          ],
          [
            119.9599907214825,
            27.900748032789963,
            0.21869143614402184
          ]
        ]
      },
      "properties": {
        "from_junction": 814,
        "to_junction": 601,
        "length_m": 71.86
      }
    },
    {
      "type": "Feature",
      "geometry": {
        "type": "LineString",
        "coordinates": [
          [
            266.303850569815,
            104.08730647249043,
            0.04882840990673153
          ],
          [
            256.9726867675781,
            101.82278442382812,
            0.0
          ],
          [
            254.97354125976562,
            101.76361083984375,
            0.0
          ],
          [
            252.97442626953125,
            101.70442962646484,
            0.0
          ],
          [
            250.9752960205078,
            101.64525604248047,
            0.0
          ],
          [
            248.97618103027344,
            101.58607482910156,
            0.0
          ],
          [
            246.97705078125,
            101.52690124511719,
            0.0
          ],
          [
            244.97792053222656,
            101.46772766113281,
            0.0
          ],
          [
            242.9788055419922,
            101.4085464477539,
            0.0
          ],
          [
            240.97967529296875,
            101.34937286376953,
            0.0
          ],
          [
            238.9805450439453,
            101.29019165039062,
            0.0
          ],
          [
            236.98143005371094,
            101.23101806640625,
            0.0
          ],
          [
            234.9822998046875,
            101.17184448242188,
            0.0
          ],
          [
            232.98318481445312,
            101.11266326904297,
            0.0
          ],
          [
            230.9840545654297,
            101.0534896850586,
            0.0
          ],
          [
            228.98492431640625,
            100.99430847167969,
            0.0
          ],
          [
            226.98580932617188,
            100.93513488769531,
            0.0
          ],
          [
            224.98667907714844,
            100.87596130371094,
            0.0
          ],
          [
            222.98756408691406,
            100.81678009033203,
            0.0
          ],
          [
            220.98843383789062,
            100.75760650634766,
            0.0
          ],
          [
            218.9893035888672,
            100.69842529296875,
            0.0
          ],
          [
            216.9901885986328,
            100.63925170898438,
            0.0
          ],
          [
            214.99105834960938,
            100.580078125,
            0.0
          ],
          [
            212.99192810058594,
            100.5208969116211,
            0.0
          ],
          [
            210.99281311035156,
            100.46172332763672,
            0.0
          ],
          [
            208.99368286132812,
            100.40254211425781,
            0.0
          ],
          [
            206.99456787109375,
            100.34336853027344,
            0.0
          ],
          [
            204.9954376220703,
            100.28419494628906,
            0.0
          ],
          [
            202.99632263183594,
            100.22501373291016,
            0.0
          ],
          [
            200.9971923828125,
            100.16584014892578,
            0.0
          ],
          [
            198.99806213378906,
            100.10665893554688,
            0.0
          ],
          [
            196.9989471435547,
            100.0474853515625,
            0.0
          ],
          [
            194.99981689453125,
            99.98831176757812,
            0.0
          ],
          [
            193.0006866455078,
            99.92913055419922,
            0.0
          ],
          [
            191.00157165527344,
            99.86995697021484,
            0.0
          ],
          [
            189.00244140625,
            99.81077575683594,
            0.0
          ],
          [
            187.00331115722656,
            99.75160217285156,
            0.0
          ],
          [
            185.0041961669922,
            99.69242858886719,
            0.0
          ],
          [
            183.0050811767578,
            99.63324737548828,
            0.0
          ],
          [
            181.0059356689453,
            99.5740737915039,
            0.0
          ],
          [
            179.00682067871094,
            99.514892578125,
            0.0
          ],
          [
            177.00770568847656,
            99.45571899414062,
            0.0
          ],
          [
            175.00857543945312,
            99.39654541015625,
            0.0
          ],
          [
            173.0094451904297,
            99.33736419677734,
            0.0
          ],
          [
            171.0103302001953,
            99.27819061279297,
            0.0
          ],
          [
            169.01119995117188,
            99.21900939941406,
            0.0
          ],
          [
            167.01206970214844,
            99.15983581542969,
            0.0
          ],
          [
            165.01295471191406,
            99.10066223144531,
            0.0
          ],
          [
            163.01382446289062,
            99.0414810180664,
            0.0
          ],
          [
            161.0146942138672,
            98.98230743408203,
            0.0
          ],
          [
            159.0155792236328,
            98.92312622070312,
            0.0
          ],
          [
            157.01646423339844,
            98.86395263671875,
            0.0
          ],
          [
            155.017333984375,
            98.80477905273438,
            0.0
          ],
          [
            153.01820373535156,
            98.74559783935547,
            0.0
          ],
          [
            151.0190887451172,
            98.6864242553711,
            0.0
          ],
          [
            149.01995849609375,
            98.62724304199219,
            0.0
          ],
          [
            147.0208282470703,
            98.56806945800781,
            0.0
          ],
          [
            145.02171325683594,
            98.50889587402344,
            0.0
          ],
          [
            143.0225830078125,
            98.44971466064453,
            0.0
          ],
          [
            141.02345275878906,
            98.39054107666016,
            0.0
          ],
          [
            139.0243377685547,
            98.33135986328125,
            0.0
          ],
          [
            137.02520751953125,
            98.27218627929688,
            0.0
          ],
          [
            135.0260772705078,
            98.2130126953125,
            0.0
          ],
          [
            133.02696228027344,
            98.1538314819336,
            0.0
          ],
          [
            131.02784729003906,
            98.09465789794922,
            0.0
          ],
          [
            129.02870178222656,
            98.03547668457031,
            0.0
          ],
          [
            120.32524497553987,
            99.4004582818949,
            0.1048696948991559
          ]
        ]
      },
      "properties": {
        "from_junction": 529,
        "to_junction": 814,
        "length_m": 146.41
      }
    },
    {
      "type": "Feature",
      "geometry": {
        "type": "LineString",
        "coordinates": [
          [
            363.3266501793495,
            32.30176368126502,
            0.1394029249652074
          ],
          [
            356.10430908203125,
            30.46341323852539,
            0.2276611328125
          ],
          [
            354.1046142578125,
            30.427536010742188,
            0.2276611328125
          ],
          [
            352.1049499511719,
            30.39165496826172,
            0.2276611328125
          ],
          [
            350.1052551269531,
            30.35577392578125,
            0.2276611328125
          ],
          [
            348.1055908203125,
            30.31989288330078,
            0.2276611328125
          ],
          [
            346.1059265136719,
            30.284011840820312,
            0.2276611328125
          ],
          [
            344.1062316894531,
            30.248130798339844,
            0.2276611328125
          ],
          [
            342.1065673828125,
            30.212251663208008,
            0.2276611328125
          ],
          [
            340.10687255859375,
            30.17637062072754,
            0.2276611328125
          ],
          [
            338.1072082519531,
            30.14048957824707,
            0.2276611328125
          ],
          [
            336.1075134277344,
            30.104610443115234,
            0.2276611328125
          ],
          [
            334.10784912109375,
            30.068729400634766,
            0.2276611328125
          ],
          [
            332.108154296875,
            30.032848358154297,
            0.2276611328125
          ],
          [
            330.1084899902344,
            29.996967315673828,
            0.2276611328125
          ],
          [
            328.1087951660156,
            29.961088180541992,
            0.2276611328125
          ],
          [
            326.109130859375,
            29.925207138061523,
            0.2276611328125
          ],
          [
            324.1094665527344,
            29.889326095581055,
            0.2276611328125
          ],
          [
            322.1097717285156,
            29.85344696044922,
            0.2276611328125
          ],
          [
            320.110107421875,
            29.81756591796875,
            0.2276611328125
          ],
          [
            318.11041259765625,
            29.78168487548828,
            0.2276611328125
          ],
          [
            316.1107482910156,
            29.745803833007812,
            0.2276611328125
          ],
          [
            314.1110534667969,
            29.709924697875977,
            0.2276611328125
          ],
          [
            312.11138916015625,
            29.674043655395508,
            0.2276611328125
          ],
          [
            310.1116943359375,
            29.63816261291504,
            0.2276611328125
          ],
          [
            308.1120300292969,
            29.602283477783203,
            0.2276611328125
          ],
          [
            306.1123352050781,
            29.566402435302734,
            0.2276611328125
          ],
          [
            304.1126708984375,
            29.530521392822266,
            0.2276611328125
          ],
          [
            302.1130065917969,
            29.494640350341797,
            0.2276611328125
          ],
          [
            300.1133117675781,
            29.45876121520996,
            0.2276611328125
          ],
          [
            298.1136474609375,
            29.422880172729492,
            0.2276611328125
          ],
          [
            296.11395263671875,
            29.386999130249023,
            0.2276611328125
          ],
          [
            294.1142883300781,
            29.351119995117188,
            0.2276611328125
          ],
          [
            292.1145935058594,
            29.31523895263672,
            0.2276611328125
          ],
          [
            290.11492919921875,
            29.27935791015625,
            0.2276611328125
          ],
          [
            288.115234375,
            29.243478775024414,
            0.2276611328125
          ],
          [
            286.1155700683594,
            29.207597732543945,
            0.2276611328125
          ],
          [
            284.11590576171875,
            29.171716690063477,
            0.2276611328125
          ],
          [
            282.1162109375,
            29.135835647583008,
            0.2276611328125
          ],
          [
            280.2887268066406,
            29.06902313232422,
            0.2276611328125
          ],
          [
            271.3296415540907,
            30.861530904416686,
            0.16211189267536005
          ]
        ]
      },
      "properties": {
        "from_junction": 723,
        "to_junction": 865,
        "length_m": 92.42
      }
    }
  ]
}